algo,n_clusters_found,n_clusters_db_score_is_min,n_clusters_ch_score_is_max,n_clusters_silhouette_score_is_max,silhouette_score,hopkins_statistic,umap_n_neighbors,umap_min_dist,umap_metric,umap_n_components,trustworthiness,eps,dbscan_min_samples,dbscan_metric,validity_index,noise_ratio,cluster_labels
dbscan,2,,,,,0.082702563243827,10,0.0,cosine,2,0.8944501777552056,0.2098200032250261,5.0,cosine,0.9387943607939297,0.0,"[0 1 1 1 1 1 1 1 0 1 0 0 1 1 1 1 0 1 0 0 1 0 0 1 0 1 0 1 1 0 1 1 0 1 0 1 1
 1 1 1 1 1 0 1 1 1 0 0 1 1 1 0 1 1 1 1 1 1 1 0 0 0 1 0 1 1 1 1 0 1 1 1 0 1
 1 1 0 1 0 1 1 1 1 1 1 1 1 0 1 0 1 1 1 1 1 0 1 0 1 0 1 1 1 1 1 1 1 0 1 1 0
 1 1 1 1 1 0 1 1 1 1 1 1 0 1 1 1 1 1 1 1 1 1 1 1 1 1 1 1 0 1 0 0 1 1 0 0 1
 1 1 1 0 1 0 1 0 1 1 1 1 1 0 1 1 1 1 1 1 0 1 1 1 0 0 1 0 1 1 1 1 1 1 1 1 1
 0 0 1 1 1 1 1 1 0 1 1 1 1 0 1 0 1 1 0 0 0 1 1 1 1 1 1 1 0 0 1 1 0 1 1 1 1
 1 0 0 0 1 1 0 1 1 1 0 1 1 1 0 1 1 1 1 1 1 0 1 1 0 1 1 1 0 1 1 1 1 1 0 1 1
 0 1 1 0 0 1 0 1 0 0 1 0 1 1 1 0 1 1 0 1 0 0 1 0 0 0 1 1 0 1 1 0 1 0 1 0 1
 1 1 0 0 1 1 1 0 1 1 0 0 1 1 1 1 1 1 1 1 0 1 1 1 1 1 0 1 1 1 0 1 1 1 0 1 1
 0 0 1 1 0 1 1 1 0 1 1 0 1 1 1 1 1 1 1 1 1 1 1 0 1 0 0 1 0 1 0 1 1 1 1 1 1
 1 1 1 1 0 1 0 0 1 1 0 0 1 1 0 1 1 1 1 1 1 1 1 1 0 0 1 1 1 1 0 1 0 1 0 1 1
 1 1 1 1 1 0 1 1 1 1 1 1 0 0 1 1 0 1 1 1 1 1 1 1 1 1 1 0 1 1 0 1 0 1 0 1 1
 1 1 1 1 0 0 1 1 0 1 1 1 1 1 1 1 1 1 1 1 1 1 1 1 0 1 0 1 1 0 0 1 1 0 1 1 1
 0 1 1 1 1 0 0 0 1 1 0 1 1 1 1 1 0 0 1 0 1 0 1 1 1 0 0 0 1 0 1 1 1 0 1 0 1
 1 1 1 0 0 1 1 1 1 1 1 0 1 1 1 1 0 1 1 0 1 1 1 1 1 0 0 0 0 1 1 0 0 1 1 1 0
 1 0 0 0 1 0 1 0 1 1 1 1 1 1 0 1 1 1 1 1 0 1 0 1 1 0 1 1 1 1 1 0 1 1 0 1 1
 1 1 1 1 1 0 1 1 0 1 1 0 1 1 0 1 0 1 1 0 1 0 1 1 1 0 1 1 1 1 0 0 1 1 0 1 1
 1 1 1 1 1 1 1 0 0 0 1 1 0 0 0 1 1 1 1 1 1 1 1 0 1 1 0 1 0 0 1 1 1 0 1 1 1
 1 1 1 0 1 0 1 0 1 1 1 1 0 1 0 1 0 1 1 1 0 1 1 1 1 1 0 1 1 1 1 1 1 0 1 1 1
 0 1 0 1 1 1 0 1 1 0 1 1 1 1 1 0 1 1 1 1 0 0 1 1 0 1 0 1 1 1 1 1 1 1 1 0 0
 1 0 0 0 1 1 1 1 0 1 1 1 1 1 1 0 1 1 1 0 1 1 1 1 1 0 1 0 1 1 1 1 1 1 1 1 1
 1 0 1 0 0 0 1 1 1 1 1 1 1 0 1 1 1 1 1 1 1 1 1 0 0 0 1 0 1 1 1 1 1 0 1 1 0
 0 1 0 1 1 1 0 1 1 1 1 0 0 1 1 1 1 1 0 1 0 1 1 1 1 1 1 1 0 1 1 1 1 1 1 0 0
 1 1 0 1 0 1 1 1 0 0 1 0 1 1 1 0 0 1 1 1 1 1 1 1 1 1 1 1 0 1 0 1 1 0 1 1 1
 1 1 1 1 0 1 1 1 1 0 1 1 0 0 1 1 1 1 1 1 0 0 1 1 1 1 1 1 1 0 1 0 0 1 1 1 0
 1 1 1 1 1 0 0 1 1 0 1 0 0 0 1 1 0 0 0 1 0 0 1 1 1 1 1 1 0 0 0 0 1 1 0 1 1
 1 1 1 0 1 1 1 1 1 1 1 1 1 1 1 1 1 1 1 1 1 1 1 1 1 0 1 1 0 1 1 1 0 1 1 1 0
 1]"
k_means,6,15.0,15.0,15.0,0.619192361831665,0.04896204926143304,10,0.0,euclidean,2,0.9994955815134586,,,,,,"[ 0  8  1  1 10  2  4 10 13 10  5  0  3  1  4 10  5  4  5  0 11  6 12 11
 12  3 12  1  4  0 11 10  0 10  6  4  7 11 11  8  1 14  0  2 14 11  0  0
  7 11  4 12  9  7  3  1 11 10 11  6  0  5 10  0 14  2  1 14 12 10 14  1
 12  2  2  3 12  6 12 11  9  1  1  8  3  3  1  0  9  0  2  1  4  8  4  5
  9  0  3 12  3 10  3  4 10  6  8  5 11  4  5  3  1  1 10 10  0  1 10  8
  4 10 10 12  7  3  8  4 14  3  4  1  3 10  1  7  2  4 11  0  4  0  3 11
 10 13  0  8  1 11  4  5  2  0  2  5  9 14  6  3 11 12  2  3  2  7  9  4
  5 11  4 13 12  0  8  5 14  6 13  2  6  4 14  1 14 13  5  4  3  6 10 13
 14 12  8 10  1  1  5  7  6  3 11 12  5  3  2  2  9  3 11  2 11  0  5  1
  4 12  2 14  4  4 13  6 13  5  9 13 13  1 13 10  6  4  4  7  0  8  9  3
 10  4  4  0  1 11  0  1  3 10  0  3 11 10  8  4  0 11  4 13 10 11  5  5
  4 12 11  6  0  9  0  4  4  4 12  9  9  0 11  0  0 13  0  0  5  8 14  0
  4  2  0  4 13  9 13  4  2 11  5  0  1  4  3  6  4 10  6  6  7  3  2 11
  8  7  2 14  6 11  4  7  4  4 13 11  4  4  0  4  3  7 12 10  4 13  5  3
  8 12  2 10  6  0  9  4  0 10  3  4  9  2  4 10  8  2  8  4  5 11  0 12
 11  3  3  5  7  3  4  3  2  1 13 14  4  3  0  8  5  0  4  1  0  5  9  9
  5 11 11 13  4  9  3  8  7  4  5  5  7 10  1  3  0 11  0  2  5 10  2  2
  6  6  8  3  0 13  8 10 13  6  2 12 13  2  7 12  4 13 10  7  4  9 11  7
 13  8  6  3  9 13  6  0  7  0  4  4  2  1 10  6  0  5  8 10 12  2  4  7
  3  4  8  4  4  8  6  2 11  4  4 10 12 10 13  2  7 13  6 11  3 12  9 10
  4 12  7  2  4  7  5 13  5 10 14 12 10  3  7 10 10  0  0 10  5  4  0  1
 10  3 13  0 13  2  0  1  1  1 12  8 13 10  8 11  1  5 12  2 14 14  2  9
 10  0  4 11  8 10  7  7  2  5  4 10  1 14  3  0  5 12 12  8  9  0  0  4
  3  1 12  8  6  0  5  7  5 11 12  2 13  3  8 10  9  0  2 10 10 14  1 14
 10 13 14  4  6  4 11 11  3 11  0  6 10  5  7  3 10  4  4  8  2  5  2  6
 12 13 10  0 11  3 12 11  0  7  2  6  4  5  9 10  1  5 10  4  8  3  5 13
 11  4  0  8  9  4 14 13  9  2 11  4 13  5  5  3 10  6  0 13  3 10  1  4
  7  3  9  1  6  2 11  5  6  6 12 10  4 10  0  4  4 10 14  4  3  0  1  0
  9 12  9  1  4 10 12  3 13  2  5  9 10 14  0  4  1  1  2 13  6 11  6  4
  4 13  2  5  6  7  3  0 11  5  9 11  4  0  2 11  5 13  4  7  2  8  5  8
  4 10 14  0  6  7 10  6  4  5 11 10  9 11  3 13  6 10  6  5  7 13  0  6
  7 10 14 14  0  7  1  8 10  2 10 13  1  9 11  5  7 10  6  2  2  5  3  5
  8  8  8  4 10  1  9  9  8  3  5  6  5  6  5  1 10  4  1  4  1  1  0  4
 10  9  2  3  4  2  6  3  5  6  5 13  0  1  3  2 10  4  0  1  4  0  0 14
  0  4 14 11  0  4  8 13  3  6  0 10 13  6  1 11 12  4  5  4 14  2  3 14
  2  2  0  7 11  2  1 14  2 13 13 14  4 12  1 12  9  9 13  0  0  3  6  3
  3  6  5  0 11  6 13  8  2 11  7  2  8 13  6 12 11 12  1  7  6 10  1  8
  2 10  2 14  6 13  4 13 10  5  9  4 12  5  7  4 10  2  1  8  0  5  4  4
  1 11  2  4  6  5 13  0 12 11  4  9  6 10 11  4  3  8  5 13  4 13  0  4
 13 13  0  3  8  0 13 13  7  6  5  1  2 14  8  8 11 13  6 13  9 10  6 12
  6  1  6  8  2 13 13  8  8 10  3  2  2 10  3 11  8 11  1  4  3  4  4  4
 12 13  7  5  6  2  0 11  6 10 12  8  4  6 12  1]"
dbscan,3,,,,,0.07210219918826391,25,0.0,cosine,2,0.9026474012474013,0.1886872190483209,5.0,cosine,0.999546438502425,0.0,"[0 1 1 1 1 0 1 1 0 1 0 0 1 1 1 1 0 1 0 0 1 0 2 1 2 1 2 1 1 0 1 1 0 1 0 1 1
 1 1 1 1 1 0 0 1 1 0 0 1 1 1 2 0 1 1 1 1 1 1 0 0 0 1 0 1 0 1 1 0 1 1 1 0 0
 0 1 0 0 2 1 0 1 1 1 1 1 1 0 0 0 0 1 1 1 1 0 0 0 1 2 1 1 1 1 1 0 1 0 1 1 0
 1 1 1 1 1 0 1 1 1 1 1 1 2 1 1 1 1 1 1 1 1 1 1 1 1 0 1 1 0 1 0 0 1 1 0 0 1
 1 1 1 0 0 0 0 0 0 1 0 1 1 0 0 1 0 1 0 1 0 1 1 1 2 0 1 0 1 0 1 0 0 1 1 1 1
 0 0 1 1 0 1 1 1 2 1 1 1 1 0 1 0 1 1 2 0 1 0 0 0 1 1 0 1 0 0 1 1 2 0 1 1 1
 1 0 0 2 0 1 0 1 1 1 0 1 1 1 0 1 0 1 1 1 1 0 1 1 0 1 1 1 0 1 1 1 1 1 0 1 1
 0 1 1 0 0 1 2 1 0 0 0 0 1 1 1 0 0 0 0 1 0 0 1 0 0 0 1 1 0 1 0 0 1 0 0 0 1
 0 1 0 0 1 1 1 0 1 1 0 0 1 1 0 1 1 1 0 1 0 1 1 1 1 1 0 1 1 1 0 1 1 1 2 1 1
 0 0 1 1 2 0 1 0 0 0 1 0 1 1 1 0 0 1 1 1 0 1 1 0 1 0 0 1 0 1 2 1 1 1 1 0 1
 1 1 1 1 0 1 0 0 1 1 0 0 0 0 0 1 1 1 1 0 1 1 1 1 0 0 1 1 1 1 0 1 0 0 0 1 0
 0 0 1 1 1 0 1 1 1 1 0 0 2 0 0 1 2 1 1 1 1 1 0 1 1 1 1 0 1 0 0 0 0 1 0 1 1
 0 1 1 0 0 0 1 1 2 0 1 1 1 1 1 1 1 1 0 0 1 1 1 1 2 1 0 0 1 0 0 1 1 0 0 1 1
 0 1 0 1 1 0 0 0 1 1 2 1 1 1 1 1 0 0 1 2 1 0 1 1 1 0 0 0 0 0 1 1 1 0 1 0 1
 1 1 1 0 2 0 1 1 0 0 1 0 1 1 1 1 0 1 0 2 1 1 1 1 1 0 0 0 2 1 0 0 0 1 1 1 2
 1 0 0 0 1 0 1 2 0 1 1 1 1 0 0 0 1 1 1 1 0 1 0 1 1 0 1 1 1 1 1 0 0 1 0 1 1
 1 1 1 1 0 0 0 0 2 1 1 0 1 1 2 1 0 0 0 0 1 0 0 1 1 0 1 1 1 1 0 0 1 1 0 1 0
 1 1 1 0 0 1 1 0 0 0 1 1 0 0 0 1 1 1 1 1 1 0 1 0 0 1 0 1 0 2 1 1 1 0 1 1 1
 1 1 1 0 1 0 0 0 0 1 1 1 2 1 0 0 0 0 1 1 0 1 1 1 0 1 0 1 0 1 1 1 0 0 0 1 1
 0 1 2 0 1 1 0 0 1 0 1 1 1 0 1 0 1 1 1 1 0 0 1 1 0 1 0 1 1 0 1 1 1 0 1 0 0
 1 0 0 0 1 1 1 1 0 1 1 1 1 0 1 0 1 0 1 0 1 1 1 0 0 2 1 0 1 1 1 1 1 1 0 0 1
 1 0 0 0 0 0 1 1 1 1 1 1 1 0 1 1 0 0 1 1 0 0 1 0 0 0 1 0 1 1 0 1 1 0 1 1 0
 0 1 0 1 1 1 0 1 1 1 1 0 0 1 1 0 1 1 2 1 0 1 1 0 1 1 0 0 0 1 1 0 1 1 0 0 0
 1 1 2 1 0 0 0 1 0 0 1 0 1 1 0 0 0 1 0 1 1 0 1 1 0 1 1 0 2 1 2 1 1 0 1 1 1
 0 1 0 1 0 1 1 1 1 0 0 1 2 0 1 1 1 0 1 1 0 0 1 1 1 1 0 1 0 0 1 0 2 1 1 0 0
 1 1 1 1 1 0 0 1 1 0 1 0 0 0 1 1 0 0 0 1 0 0 1 0 1 1 1 1 0 0 0 0 1 0 0 1 1
 0 1 0 0 1 1 1 1 1 0 0 1 1 1 1 1 1 1 1 1 1 1 1 1 1 0 0 0 0 1 1 1 0 1 1 0 2
 1]"
dbscan,69,,,,,0.05329845818125139,25,0.0,euclidean,2,0.9990590436590436,0.19152466853456704,5.0,euclidean,0.6820227211547496,0.015,"[ 0  1  2  3  4 41  5  6  7  6  8  9 10  3 11  6 12 13 14 15 16 17 18 19
 18 20 18 21 22 31 23  6  0  6 17 24 25 26 26  1 21 27  0 28 29 30 31 15
 32 16 22 33 34 35 36  3 23 37 19 38 50  8 39  9 29 28 21 27 40 39 27 21
 40 41 -1 20 40 42 33 26 34 21 21  1 20 43 21  9 44 15 28 21 13  1 22  8
 44 31 20 33 10  6 20 13 39 45  1 46 19 51 14 43  3 21 37  6 15  2 37 47
  5 48 39 18 25 49  1 11 27 36 24  3 20 39 21 32 28 51 26 50 51 31 20 23
  6 52  0 53  2 26 51 46 54 50 28 12 55 27 -1 49 19 40 28 49 41 25 34 13
 12 19 13 56 33 15 53 57 27 42 58 28 42 22 27 21 27 59  8 60 36 42  6 58
 29 33  1  6  2 21 57 35 38 10 26 33  8 20 28 41 34 43 26 28 -1 31 14 61
 60 33 54 27 11 51 59 17 52 62 55 58 52 61 56 63 17 13 13 32 64 53 34 36
 39 11 11 -1 61 16 15  3 43  6 50 49 19 39 47 60 64 26 51  7  4 23  8 14
 13 65 19 38 15 44  0 11 22 51 40 34 34  9 23 31 31 58 15 31 46  1 29  9
 13 41 64 11  7 34  7 60 41 16  8 15 61 11 10 17 51 63 38 17 25 43 41 16
  1 35 28 29 38 16 13 32 11 51  7 26 60 51 50 13 49 25 65 39 13 52 66 43
  1 65 28 48 45 64 34 24  9  6 43 13 44 67 51 39 47 41 47 22 57 16 15 40
 19 20 36 62 32 43 11 49 54 21 58 29 22 43 50 47  8 50 51 21  0 46 34 44
 62 30 19 59 13 55 20  1 32 13 57  8 25  4  3 10 15 26 50 28 66 39 67 -1
 42 45 53 36 50 56  1 48 58 42 28 65  7 28 25 18 51 59  4 32  5 34 19 25
 59  1 17 49 34 52 45 -1 25 64 24 13 28  2 39 42 50 68 47  4 65 67 13 32
 49 22  1 60  5  1 45 28 30 -1 22 39 65  6  7 28 32  7 17 19 20 40 44  6
 11 40 25 41 13 32 12 52 57 48 27 18 37 20 35  6 37 31  9  6 62 60  0 21
 37 20 52 31  7 28 31 21 21 21 40  1  7  6  1 23 21 46 18 54 27 27 41 34
 63  0 24 26  1 48 35 25 41 62 22 48 61 29 20 64 66 40 33  1 55 15 64 51
 20  3 65 53 17 31 57 35 12 26 18 67 59 36 47 39 44 -1 67  6  4 27 21 27
  6 52 29 24 38 24 19 23 49 23  9 45 63 66 25 36 48 60 60 47 28 68 67 45
 -1 56 39  9 30 20 33 23  0 32 28 17 13 14 44 63  3  8 39 51  1 20 68  7
 19  5 15 47 44  5 29 59 44 41 30 51 52 12 46 49  4 17 31 52 49  6  3 60
 25 43 55 21 17 41 19 68 45 38 18 37 13 37 31  5 22 37 27 24 20 -1  3  9
 44 40 55 21 13 39 65 49 52 28 68 55 39 29 31 51  2  2 41 58 17 19 38 22
 13 59 -1 68 42 25 43  9 30 62 44 26 60  9 41 23  8 59 60 35 28 53 12  1
 13 48 29  9 17 25  6 38 13 62 30 48 44 19 20 58 45 48 42 68 25 59 -1 45
 25  6 27 27  9 32 21 53 48 41  6 59  3 55 16 14 35  6 45 28 28 62 36  8
 53  1  1 22  6 61 34 34 53 20 12 45 57 17 -1 21  6 51 21 11  3  3 15 24
 39 55 67 10 22 41 45 36 62 38 66 58  0  2 49 54 39 51 50 21 -1 15 64 27
  9 13 27 19 50 24 -1 58 43 17 15  6 59 45 21 23 65 11 66 51 27 28 20 29
 28 54  9 35 19 28  2 27 54  7  7 29 13 65 21 40 34 34 59 31 15 49 17 20
 20 42 66  0 26 45 58  1 54 19 25 28 53 59 42 65 30 65 21 35 17  6 21 53
 28 39 41 29 45 58  5 58  6 12 55 13 65 14 25 60  4 41  2  1  9  8 51 60
  3 30 41 51 42 66 58 15 33 26 24 34 17  6 19 13 10  1  8 52  5 56 31 24
 58 59 64 36  1  9 59 59 25 17 57 21 41 29 47 47 19 59 17 52 44 63 45 40
 45  3 42  1 41 59 59  1 53  4 49 28 67  4 43 30 47 19 21 60 43 51 60 22
 65 58 25 66 45 28 50 23 45 39 40  1 11 42 18 61]"
dbscan,2,,,,,0.04762904447611593,50,0.0,cosine,2,0.897419686316928,0.1715854690567769,5.0,cosine,0.9481019185059812,0.0,"[0 0 0 0 0 0 0 0 0 0 0 0 0 0 0 0 0 0 0 0 0 0 1 0 1 0 1 0 0 0 0 0 0 0 0 0 0
 0 0 0 0 0 0 0 0 0 0 0 0 0 0 1 0 0 0 0 0 0 0 0 0 0 0 0 0 0 0 0 0 0 0 0 0 0
 0 0 0 0 1 0 0 0 0 0 0 0 0 0 0 0 0 0 0 0 0 0 0 0 0 1 0 0 0 0 0 0 0 0 0 0 0
 0 0 0 0 0 0 0 0 0 0 0 0 1 0 0 0 0 0 0 0 0 0 0 0 0 0 0 0 0 0 0 0 0 0 0 0 0
 0 0 0 0 0 0 0 0 0 0 0 0 0 0 0 0 0 0 0 0 0 0 0 0 1 0 0 0 0 0 0 0 0 0 0 0 0
 0 0 0 0 0 0 0 0 1 0 0 0 0 0 0 0 0 0 1 0 0 0 0 0 0 0 0 0 0 0 0 0 1 0 0 0 0
 0 0 0 1 0 0 0 0 0 0 0 0 0 0 0 0 0 0 0 0 0 0 0 0 0 0 0 0 0 0 0 0 0 0 0 0 0
 0 0 0 0 0 0 1 0 0 0 0 0 0 0 0 0 0 0 0 0 0 0 0 0 0 0 0 0 0 0 0 0 0 0 0 0 0
 0 0 0 0 0 0 0 0 0 0 0 0 0 0 0 0 0 0 0 0 0 0 0 0 0 0 0 0 0 0 0 0 0 0 1 0 0
 0 0 0 0 1 0 0 0 0 0 0 0 0 0 0 0 0 0 0 0 0 0 0 0 0 0 0 0 0 0 1 0 0 0 0 0 0
 0 0 0 0 0 0 0 0 0 0 0 0 0 0 0 0 0 0 0 0 0 0 0 0 0 0 0 0 0 0 0 0 0 0 0 0 0
 0 0 0 0 0 0 0 0 0 0 0 0 1 0 0 0 1 0 0 0 0 0 0 0 0 0 0 0 0 0 0 0 0 0 0 0 0
 0 0 0 0 0 0 0 0 1 0 0 0 0 0 0 0 0 0 0 0 0 0 0 0 1 0 0 0 0 0 0 0 0 0 0 0 0
 0 0 0 0 0 0 0 0 0 0 1 0 0 0 0 0 0 0 0 1 0 0 0 0 0 0 0 0 0 0 0 0 0 0 0 0 0
 0 0 0 0 1 0 0 0 0 0 0 0 0 0 0 0 0 0 0 1 0 0 0 0 0 0 0 0 1 0 0 0 0 0 0 0 1
 0 0 0 0 0 0 0 1 0 0 0 0 0 0 0 0 0 0 0 0 0 0 0 0 0 0 0 0 0 0 0 0 0 0 0 0 0
 0 0 0 0 0 0 0 0 1 0 0 0 0 0 1 0 0 0 0 0 0 0 0 0 0 0 0 0 0 0 0 0 0 0 0 0 0
 0 0 0 0 0 0 0 0 0 0 0 0 0 0 0 0 0 0 0 0 0 0 0 0 0 0 0 0 0 1 0 0 0 0 0 0 0
 0 0 0 0 0 0 0 0 0 0 0 0 1 0 0 0 0 0 0 0 0 0 0 0 0 0 0 0 0 0 0 0 0 0 0 0 0
 0 0 1 0 0 0 0 0 0 0 0 0 0 0 0 0 0 0 0 0 0 0 0 0 0 0 0 0 0 0 0 0 0 0 0 0 0
 0 0 0 0 0 0 0 0 0 0 0 0 0 0 0 0 0 0 0 0 0 0 0 0 0 1 0 0 0 0 0 0 0 0 0 0 0
 0 0 0 0 0 0 0 0 0 0 0 0 0 0 0 0 0 0 0 0 0 0 0 0 0 0 0 0 0 0 0 0 0 0 0 0 0
 0 0 0 0 0 0 0 0 0 0 0 0 0 0 0 0 0 0 1 0 0 0 0 0 0 0 0 0 0 0 0 0 0 0 0 0 0
 0 0 1 0 0 0 0 0 0 0 0 0 0 0 0 0 0 0 0 0 0 0 0 0 0 0 0 0 1 0 1 0 0 0 0 0 0
 0 0 0 0 0 0 0 0 0 0 0 0 1 0 0 0 0 0 0 0 0 0 0 0 0 0 0 0 0 0 0 0 1 0 0 0 0
 0 0 0 0 0 0 0 0 0 0 0 0 0 0 0 0 0 0 0 0 0 0 0 0 0 0 0 0 0 0 0 0 0 0 0 0 0
 0 0 0 0 0 0 0 0 0 0 0 0 0 0 0 0 0 0 0 0 0 0 0 0 0 0 0 0 0 0 0 0 0 0 0 0 1
 0]"
dbscan,58,,,,,0.05389156335550949,50,0.0,euclidean,2,0.9986534559221201,0.17801947738865861,5.0,chebyshev,0.6444453862878878,0.016,"[ 0  1  2  3  4  5  6  7  8  7  9 10 11  3 12  7 13 14 15 16 17 18 19 20
 19 11 19 21 22 -1 23  7  0  7 18 24 25 20 20  1 26 27  0 28 29 30 -1 16
 31 17 22 19 32 31 33  3 23 34 20 35 16  9 36 10 29 28 21 27  0 36 27 21
  0  5 -1 11  0 37 19 20 32 26 21  1 11 38 26 10 37 16 28 -1 14  1 22  9
 37 39 11 19 11  7 11 14 36 40  1 41 20 42 15 38  3 26 34  7 16  2 34 43
  6 44 36 19 25 45  1 12 27 33 24  3 11 36 26 31 28 -1 20 16 42 39 11 23
  7 52  0 43  2 20 42 41  5 16 28 13 46 27 37 45 20  0 28 45  5 25 32 14
 13 20 14 47 19 16 43 48 27 37 49 28 37 22 27 26 27 50  9 51 33 37  7 49
 29 19  1  7  2 26 48 -1 35 11 20 19  9 11 28  5 32 38 20 28  3 39 15  2
 51 19  5 27 12 42 50 18 52 15 46 49 52  2 47 53 18 54 14 31 55 43 32 33
 36 12 12 -1  2 17 16  3 38  7 16 45 20 36 43 51 55 20 42  8  4 23  9 15
 14 56 20 35 16 37  0 12 22 42  0 32 32 10 23 39 39 49 16 39 41  1 29 10
 54  5 55 12  8 32  8 51  5 17  9 16  2 12 11 18 42 53 35 18 25 38  5 17
  1 31 28 29 35 17 54 31 12 42  8 20 51 42 16 14 45 25 56 36 14 52 48 38
  1 56 28 44 40 55 32 24 10  7 38 14 37 57 42 36 43  5 43 22 48 17 16  0
 20 11 33 15 31 38 12 45  5 26 49 29 22 33 16 43  9 16 42 21  0 41 32 37
 15 30 20 50 14 46 11  1 31 14 48  9 25  4  3 11 16 20 16 28 48 36 57 -1
 37 40 43 33 16 47  1 44 49 37 28 56  8 28 25 19 42 50  4 31  6 32 20 25
 50  1 18 45 32 52 40 55 25 55 24 54 28  2 36 37 16 48 43  4 56 57 14 31
 45 22  1 51  6  1 40 28 30  6 22 36 56  7  8 28 31  8 18 20 11  0 37  7
 12  0 25  5 14 31 13 52 48 44 27 19 34 11 31  7 34 39 10  7 15 51  0 26
 -1 11 52 39 52 28 39 26 26 26  0  1  8  7  1 23 26 41 19  5 27 27  5 32
 53  0 24 20  1 44 31 25  5 15 22 44  2 29 11 55 48  0 19  1 46 16 55 42
 11  3 56 43 18 39 48 31 13 20 19 57 50 33 43 36 37 -1 57  7  4 27 26 27
  7 52 29 24 35 24 20 23 45 23 10 40 53 48 25 33 44 51 51 43 28 48 57 40
 19 47 36 10 30 11 19 23  0 31 28 18 54 15 37 53  3  9 36 42  1 11 48 52
 20  6 16 43 37  6 29 50 37  5 30 42 52 13 41 45  4 18 39 52 45  7  3 51
 25 38 46 21 18  5 20 48 40 35 19 34 54 34 39  6 22 34 27 24 11 10  3 10
 37  0 46 21 14 36 56 45 52 28 48 46 36 29 39 42  2  2  5 -1 35 20 35 22
 14 50 -1 48 37 25 38 10 30 15 37 -1 51 10  5 23  9 50 51 31 28 43 13  1
 14 44 29 10 18 25  7 40 54 15 30 44 37 20 11 49 40 44 37 48 25 50 -1 40
 25  7 27 27 10 31 26 43 44  5  7 50  3 46 17 15 31  7 40 28 28 15 33  9
 43  1  1 22  7  2 32 32 43 11 13 40 48 18 -1 26  7 42 26 12  3  3 16 24
 36 46 57 11 22  5 40 33 15 35 48 49  0  2 45  5 36 42 16 26  6 16 55 27
 10 14 27 20 16 24 43 49 38 18 16  7 50 40 26 23 56 12 48 42 27 28 11 29
 28  5 10 31 20 28  2 27  5  8  8 29 14 56 21  0 32 32 50 39 16 45 18 11
 11 37 48  0 20 40 49  1  5 20 25 28 43 50 37 56 30 56 21 31 18  7 21 43
 28 36  5 29 40 49  6 49  7 13 46 14 56 15 25 51  4  5  2  1 10  9 42 51
  3 30  5 42 37 48 49 16 19 20 24 32 18  7 20 14 11  1 13 52  6 47 39 24
 49 50 55 33  1 10 50 50 25 18 48 26  5 29 43 43 20 50 18 52 37 53 40  0
 40  3 37  1  5 50 50  1 43  4 45 28 57  4 38 30 43 20 26 51 38 42 51 22
 56 -1 25 48 40 28 16 23 40 36  0  1 12 37 19  2]"
dbscan,3,,,,,0.06475633000119725,100,0.0,cosine,2,0.8956555150088288,0.19312082978593217,4.0,cosine,0.9735180959222254,0.0,"[0 0 0 0 0 1 0 0 0 0 0 0 0 0 0 0 0 0 0 0 0 0 2 0 2 0 2 0 0 0 0 0 0 0 0 0 0
 0 0 0 0 0 0 1 0 0 0 0 0 0 0 2 1 0 0 0 0 0 0 0 0 0 0 0 0 1 0 0 0 0 0 0 0 1
 1 0 0 1 2 0 1 0 0 0 0 0 0 0 1 0 1 0 0 0 0 0 1 0 0 2 0 0 0 0 0 1 0 0 0 0 0
 0 0 0 0 0 0 0 0 0 0 0 0 2 0 0 0 0 0 0 0 0 0 0 0 0 1 0 0 0 0 0 0 0 0 0 0 0
 0 0 0 0 1 0 1 0 1 0 1 0 0 0 1 0 1 0 1 0 0 0 0 0 2 0 0 0 0 1 0 1 1 0 0 0 0
 0 0 0 0 1 0 0 0 2 0 0 0 0 0 0 0 0 0 2 0 0 1 1 1 0 0 1 0 0 0 0 0 2 1 0 0 0
 0 0 0 2 1 0 0 0 0 0 0 0 0 0 0 0 1 0 0 0 0 0 0 0 0 0 0 0 0 0 0 0 0 0 0 0 0
 0 0 0 0 0 0 2 0 0 0 1 0 0 0 0 0 1 1 0 0 0 0 0 0 0 0 0 0 0 0 1 0 0 0 1 0 0
 1 0 0 0 0 0 0 0 0 0 0 0 0 0 1 0 0 0 1 0 0 0 0 0 0 0 0 0 0 0 0 0 0 0 2 0 0
 0 0 0 0 2 1 0 1 0 1 0 0 0 0 0 1 1 0 0 0 1 0 0 0 0 0 0 0 0 0 2 0 0 0 0 1 0
 0 0 0 0 0 0 0 0 0 0 0 0 1 1 0 0 0 0 0 1 0 0 0 0 0 0 0 0 0 0 0 0 0 1 0 0 1
 1 1 0 0 0 0 0 0 0 0 1 1 2 0 1 0 2 0 0 0 0 0 1 0 0 0 0 0 0 1 0 1 0 0 0 0 0
 1 0 0 1 0 0 0 0 2 1 0 0 0 0 0 0 0 0 1 1 0 0 0 0 2 0 0 1 0 0 0 0 0 0 1 0 0
 0 0 1 0 0 0 0 0 0 0 2 0 0 0 0 0 0 0 0 2 0 0 0 0 0 0 0 0 1 0 0 0 0 0 0 0 0
 0 0 0 0 2 1 0 0 1 1 0 0 0 0 0 0 0 0 1 2 0 0 0 0 0 0 0 0 2 0 1 0 0 0 0 0 2
 0 0 0 0 0 0 0 2 1 0 0 0 0 1 0 1 0 0 0 0 0 0 0 0 0 0 0 0 0 0 0 0 1 0 0 0 0
 0 0 0 0 1 0 1 1 2 0 0 0 0 0 2 0 0 0 1 0 0 0 1 0 0 0 0 0 0 0 0 0 0 0 0 0 1
 0 0 0 1 1 0 0 0 0 0 0 0 0 0 0 0 0 0 0 0 0 1 0 0 1 0 0 0 0 2 0 0 0 0 0 0 0
 0 0 0 0 0 0 1 0 1 0 0 0 2 0 0 1 0 1 0 0 0 0 0 0 1 0 0 0 0 0 0 0 1 0 1 0 0
 0 0 2 1 0 0 0 1 0 0 0 0 0 1 0 0 0 0 0 0 0 0 0 0 0 0 0 0 0 1 0 0 0 1 0 0 0
 0 0 0 0 0 0 0 0 0 0 0 0 0 1 0 0 0 1 0 0 0 0 0 1 1 2 0 0 0 0 0 0 0 0 1 1 0
 0 0 1 0 0 0 0 0 0 0 0 0 0 0 0 0 1 1 0 0 1 1 0 0 0 0 0 0 0 0 1 0 0 0 0 0 0
 0 0 0 0 0 0 0 0 0 0 0 0 0 0 0 1 0 0 2 0 0 0 0 1 0 0 1 1 0 0 0 1 0 0 1 0 0
 0 0 2 0 0 1 1 0 0 0 0 0 0 0 1 0 0 0 1 0 0 1 0 0 1 0 0 1 2 0 2 0 0 0 0 0 0
 1 0 1 0 0 0 0 0 0 0 1 0 2 0 0 0 0 1 0 0 0 0 0 0 0 0 1 0 1 0 0 0 2 0 0 1 0
 0 0 0 0 0 0 0 0 0 0 0 0 0 0 0 0 0 0 0 0 0 0 0 1 0 0 0 0 0 0 0 0 0 1 0 0 0
 1 0 1 0 0 0 0 0 0 1 1 0 0 0 0 0 0 0 0 0 0 0 0 0 0 0 1 1 0 0 0 0 0 0 0 1 2
 0]"
dbscan,36,,,,,0.06082587955359263,100,0.0,euclidean,2,0.9986822601530312,0.2350599917931223,5.0,euclidean,0.6251772166542938,0.01,"[ 0  1  2  3  2  4  5  6  7  6  8  9 10  3 11  6 12 13  8 14 15 16 17 18
 17 10 17  3 19  9 15  6  0  6 16 20 21 18 18  1  3 22  0 23 24 25  9 14
 26 15 19 17  4 26 10  3 15  2 18 16 27  8 28  9 24 23  3 22  0 28 22  3
  0  4 -1 10  0 29 17 18  4  3  3  1 10 15  3  9 30 14 23  3 13  1 19  8
 30  9 10 17 10  6 10 13 28 16  1  8 18 20  8 15  3  3  2  6 14  2  2 31
  5 32 35 17 21 10  1 11 22 10 20  3 10 28  3 26 23 20 18 27 20  9 10 15
  6 -1  0 31  2 18 20  8  4 27 23 12  4 22 29 10 18  0 23 10  4 21  4 13
 12 18 13 33 17 14 31  8 22 29 33 23 29 19 22  3 22 34  8  5 10 29  6 33
 24 17  1  6  2  3  8 26 16 10 18 17  8 10 23  4  4 15 18 23  3  9  8  2
  5 17  4 22 11 20 34 16  7  8  4 33  7  2 33  2 16 13 13 26  9 31  4 10
 35 11 11 -1  2 15 14  3 15  6 27 10 18 28 31  5  9 18 20  7  2 15  8  8
 13 17 18 16 14 30  0 11 19 20  0  4  4  9 15  9  9 33 14  9  8  1 24  9
 13  4  9 11  7  4  7  5  4 15  8 14  2 11 10 16 20  2 16 16 21 15  4 15
  1 26 23 24 16 15 13 26 11 20  7 18  5 20 27 13 10 21 17 35 13  7  8 15
  1 17 23 32 16  9  4 20  9  6 15 13 30  4 20 28 31  4 31 19  8 15 14  0
 18 10 10  8 26 15 11 10  4  3 33 24 19 -1 27 31  8 27 20  3  0  8  4 30
  8 25 18 34 13  4 10  1 26 13  8  8 21  2  3 10 14 -1 27 23  8 28  4 -1
 29 16 31 10 27 33  1 32 33 29 23 17  7 23 21 17 20 34  2 26  5  4 18 21
 34  1 16 10  4  7 16  9 21  9 20 13 23  2 28 29 27  8 31  2 17  4 13 26
 10 19  1  5  5  1 16 23 25  5 19 28 17  6  7 23 26  7 16 18 10  0 30  6
 11  0 21  4 13 26 12  7  8 32 22 17  2 10 26  6  2  9  9  6  8  5  0  3
  2 10  7  9  7 23  9  3  3  3  0  1  7  6  1 15  3  8 17  4 22 22  4  4
  2  0 20 18  1 32 26 21  4  8 19 32  2 24 10  9  8  0 17  1  4 14  9 20
 10  3 17 31 16  9  8 26 12 18 17  4 34 10 31 28 30 -1  4  6  2 22  3 22
  6  7 24 20 16 20 18 15 10 15  9 16  2  8 21 10 32  5  5 31 23  8  4 16
 17 33 35  9 25 10 17 15  0 26 23 16 13  8 30  2  3  8 28 20  1 10  8  7
 18  5 14 31 30  5 24 34 30  4 25 20  7 12  8 10  2 16  9  7 10  6  3  5
 21 15  4  3 16  4 18  8 16 16 17  2 13  2  9  5 19  2 22 20 10  9  3  9
 30  0  4  3 13 28 17 10  7 23  8  4 28 24  9 20  2  2  4 33 16 18 16 19
 13 34 -1  8 29 21 15  9 25  8 30 -1  5  9  4 15  8 34  5 26 23 31 12  1
 13 32 24  9 16 21  6 16 13  8 25 32 30 18 10 33 16 32 29  8 21 34 -1 16
 21  6 22 22  9 26  3 31 32  4  6 34  3  4 15  8 26  6 16 23 23  8 10  8
 31  1  1 19  6  2  4  4 31 10 12 16  8 16  8  3  6 20  3 11  3  3 14 20
 35  4  4 10 19  4 16 10  8 16  8 33  0  2 10  4 28 20 27  3  5 14  9 22
  9 13 22 18 27 20 31 33 15 16 14  6 34 16  3 15 17 11  8 20 22 23 10 24
 23  4  9 26 18 23  2 22  4  7  7 24 13 17  3  0  4  4 34  9 14 10 16 10
 10 29  8  0 18 16 33  1  4 18 21 23 31 34 29 17 25 17  3 26 16  6  3 31
 23 28  4 24 16 33  5 33  6 12  4 13 17  8 21  5  2  4  2  1  9  8 20  5
  3 25  4 20 29  8 33 14 17 18 20  4 16  6 18 13 10  1 12  7  5 33  9 20
 33 34  9 10  1  9 34 34 21 16  8  3  4 24 31 31 18 34 16  7 30  2 16  0
 16  3 29  1  4 34 34  1 31  2 10 23  4  2 15 25 31 18  3  5 15 20  5 19
 17 34 21  8 16 23 27 15 16 28  0  1 11 29 17  2]"
dbscan,7,,,,,0.04204574786072489,10,0.0,cosine,3,0.8995199593702388,0.30144719576868534,5.0,chebyshev,0.9047418242686658,0.0,"[0 1 1 1 1 2 1 1 0 1 3 0 1 1 1 1 0 1 3 0 1 3 4 1 4 1 4 1 1 0 1 1 0 1 3 1 5
 1 1 1 1 5 0 2 5 1 0 0 5 1 1 4 6 5 1 1 1 1 1 3 0 3 1 0 5 2 1 5 0 1 5 1 0 2
 2 1 0 6 4 1 6 1 1 1 5 1 1 0 6 0 2 1 1 1 1 3 6 0 1 4 1 1 5 1 1 6 1 3 1 1 3
 1 1 1 1 1 0 1 1 1 1 1 1 4 5 1 1 1 5 1 1 1 5 1 1 5 2 1 1 0 1 0 0 1 1 0 0 1
 1 1 1 0 6 0 2 3 2 1 6 1 1 0 2 1 2 5 6 1 3 1 1 5 4 0 1 3 5 6 5 2 6 1 5 1 5
 0 3 1 1 6 1 5 5 4 1 1 1 1 3 5 3 1 1 4 3 0 2 2 2 1 1 2 1 0 3 1 1 4 2 5 1 1
 5 3 0 4 6 5 0 1 5 1 3 1 1 5 0 1 6 1 1 1 1 0 1 1 0 1 1 1 0 1 1 1 1 1 0 1 1
 0 1 1 3 3 1 4 1 3 0 6 0 1 1 1 0 6 6 0 1 0 0 5 0 0 3 1 5 0 1 2 0 1 0 6 0 1
 2 1 3 0 1 1 1 3 1 1 0 3 5 1 2 1 1 5 2 5 3 1 1 5 1 1 0 1 1 1 0 1 1 5 4 1 1
 0 3 1 1 4 2 1 6 0 6 1 0 1 1 1 6 2 1 1 1 2 1 1 3 1 0 0 1 0 1 4 5 1 1 1 6 1
 5 5 1 1 0 1 3 0 1 1 0 3 6 6 3 1 1 5 1 2 5 1 5 1 3 3 5 1 1 1 0 1 0 2 3 1 6
 2 6 5 1 1 0 5 1 1 5 6 2 4 0 2 5 4 1 5 1 5 1 6 1 5 5 1 3 1 6 0 6 0 5 0 1 1
 2 1 1 6 0 0 1 1 4 6 1 5 1 1 1 1 1 1 6 2 1 1 1 1 4 1 0 2 5 0 3 1 5 0 6 1 1
 0 5 2 1 5 3 0 3 1 5 4 1 5 5 1 1 0 0 1 4 1 0 1 1 5 0 0 0 2 0 1 1 1 0 1 0 1
 1 1 1 3 4 2 1 5 2 6 1 0 1 1 1 1 0 1 2 4 1 1 1 5 5 0 3 0 4 1 6 0 0 1 5 1 4
 1 3 0 3 5 3 1 4 6 5 1 1 1 6 0 6 1 1 5 1 0 1 0 5 1 3 1 1 1 1 1 0 6 1 3 5 1
 1 1 1 1 2 3 2 6 4 5 1 0 1 1 4 1 0 5 2 3 1 3 6 1 1 3 1 1 1 1 3 0 1 1 0 1 6
 1 5 1 6 6 1 1 0 3 3 1 1 0 0 0 1 1 1 1 5 1 6 1 3 2 1 0 5 3 4 1 1 1 0 1 1 1
 5 1 5 0 1 0 6 0 6 1 1 1 4 1 0 2 3 6 1 5 0 1 1 1 2 5 0 1 5 1 1 5 2 3 6 5 1
 0 1 4 6 1 1 0 2 1 0 1 1 5 2 1 3 1 1 1 5 0 3 5 1 3 1 0 1 1 6 1 5 5 6 1 3 3
 5 0 0 3 5 1 5 5 0 5 1 1 1 2 1 0 1 6 1 3 5 1 3 2 2 4 1 3 1 1 1 1 1 1 6 2 1
 1 3 6 3 3 3 1 1 1 1 1 1 1 0 1 1 6 6 1 1 2 6 1 3 3 3 5 0 1 1 2 1 1 0 1 1 0
 0 1 0 1 5 1 0 1 1 5 1 3 0 1 5 6 1 1 4 1 3 1 1 2 5 5 2 6 0 5 1 2 1 5 2 0 0
 5 1 4 1 0 6 2 5 0 0 1 0 5 1 6 3 0 1 6 5 1 2 1 5 2 1 5 6 4 1 4 1 5 3 1 1 1
 2 1 2 5 3 5 1 5 1 3 6 1 4 3 5 1 1 2 1 1 0 3 1 1 1 1 2 1 6 3 5 0 4 1 1 6 0
 1 1 1 1 1 3 0 1 5 0 1 0 0 0 1 1 0 0 0 5 3 3 1 2 5 1 1 1 0 0 0 3 1 6 0 1 1
 6 1 2 0 5 1 1 1 1 2 6 1 1 1 1 1 1 1 1 1 1 1 5 5 5 3 6 2 0 1 1 1 0 1 1 6 4
 1]"
k_means,6,15.0,15.0,15.0,0.5784646272659302,0.01839909193750253,10,0.0,euclidean,3,0.9994852209243271,,,,,,"[ 0 13  1  1  1  3  4 14  9 14  2  0  5  1  6 14  2  4  2  0 10  7  8 10
  8  5  8  1  4  0 10 14  0 14  7  6 11 10 10 13  1  5  0  3 11 10  0  0
 11 10  4  8 12 11  5  1 10 14 10  7  0  2 14  0 11  3  1  5  8 14  5  1
  8  3  3  5  8  7  8 10 12  1  1 13  5 10  1  0 12  0  3  1  4 13  4  2
 12  0  5  8  5 14  5  4 14  7 13  2 10  6  2 10  1  1 14 14  0  1 14 13
  4 14 14  8 11  5 13  6  5  5  6  1  5 14  1 11  3  6 10  0  6  0  5 10
 14  9  0 13  1 10  6  2  3  0  3  2 12  5  7  5 10  8  3  5  3 11 12  4
  2 10  4  9  8  0 13  2  5  7  9  3  7  4  5  1  5  9  2  6  5  7 14  9
 11  8 13 14  1  1  2 11  7  5 10  8  2  5  3  3 12 10 10  3 10  0  2  1
  6  8  3  5  6  6  9  7  9  2 12  9  9  1  9  1  7  4  4 11  0 13 12  5
 14  6  6  0  1 10  0  1 10 14  0  5 10 14 13  6  0 10  6  9  1 10  2  2
  4  8 10  7  0 12  0  6  4  6  8 12 12  0 10  0  0  9  0  0  2 13 11  0
  4  3  0  6  9 12  9  6  3 10  2  0  1  6  5  7  6  1  7  7 11 10  3 10
 13 11  3 11  7 10  4 11  6  6  9 10  4  6  0  4  5 11  8 14  4  9  2 10
 13  8  3 14  7  0 12  6  0 14 10  4 12  3  6 14 13  3 13  4  2 10  0  8
 10  5  5  2 11 10  6  5  3  1  9 11  4  5  0 13  2  0  6  1  0  2 12 12
  2 10 10  9  4 12  5 13 11  4  2  2 11  1  1  5  0 10  0  3  2 14  3  3
  7  7 13  5  0  9 13 14  9  7  3  8  9  3 11  8  6  9  1 11  4 12 10 11
  9 13  7  5 12  9  7  0 11  0  6  4  3  1 14  7  0  2 13  1  8  3  4 11
  5  4 13  4  4 13  7  3 10  4  4 14  8 14  9  3 11  9  7 10  5  8 12 14
  6  8 11  3  4 11  2  9  2 14  5  8 14  5 11 14 14  0  0 14  2  4  0  1
 14  5  9  0  9  3  0  1  1  1  8 13  9 14 13 10  1  2  8  3  5  5  3 12
  1  0  6 10 13 14 11 11  3  2  4 14  1 11  5  0  2  8  8 13 12  0  0  6
  5  1  8 13  7  0  2 11  2 10  8  3  9  5 13 14 12  0  3 14  1  5  1  5
 14  9 11  6  7  6 10 10  5 10  0  7  1  2 11  5 14  6  6 13  3  2  3  7
  8  9 14  0 10  5  8 10  0 11  3  7  4  2 12  1  1  2 14  6 13  5  2  9
 10  4  0 13 12  4 11  9 12  3 10  6  9  2  2  5  1  7  0  9  5 14  1  4
 11 10 12  1  7  3 10  2  7  7  8 14  4 14  0  4  4 14  5  6  5  0  1  0
 12  8 12  1  4 14  8  5  9  3  2 12 14 11  0  6  1  1  3  9  7 10  7  4
  4  9  3  2  7 11 10  0 10  2 12 10  4  0  3 10  2  9  4 11  3 13  2 13
  4 14 11  0  7 11 14  7  4  2 10 14 12 10  5  9  7 14  7  2 11  9  0  7
 11 14  5  5  0 11  1 13 14  3 14  9  1 12 10  2 11 14  7  3  3  2  5  2
 13 13 13  4 14  1 12 12 13  5  2  7  2  7  2  1 14  6  1  6  1  1  0  6
 14 12  3  5  4  3  7  5  2  7  2  9  0  1  5  3 14  6  0  1  4  0  0  5
  0  4  5 10  0  6 13  9 10  7  0 14  9  7  1 10  8  6  2  6  5  3  5 11
  3  3  0 11 10  3  1  5  3  9  9 11  4  8  1  8 12 12  9  0  0  5  7  5
  5  7  2  0 10  7  9 13  3 10 11  3 13  9  7  8 10  8  1 11  7 14  1 13
  3 14  3 11  7  9  4  9 14  2 12  4  8  2 11  6  1  3  1 13  0  2  6  4
  1 10  3  6  7  2  9  0  8 10  6 12  7 14 10  4  5 13  2  9  4  9  0  6
  9  9  0  5 13  0  9  9 11  7  2  1  3 11 13 13 10  9  7  9 12  1  7  8
  7  1  7 13  3  9  9 13 13  1  5  3  3  1 10 10 13 10  1  6 10  6  6  4
  8  9 11  2  7  3  0 10  7 14  8 13  6  7  8  1]"
dbscan,4,,,,,0.028256154156505536,25,0.0,cosine,3,0.9051527234927235,0.215134641758993,5.0,cosine,0.9987557995077854,0.0,"[0 1 1 1 1 2 1 1 0 1 0 0 1 1 1 1 0 1 0 0 1 0 3 1 3 1 3 1 1 0 1 1 0 1 0 1 1
 1 1 1 1 1 0 2 1 1 0 0 1 1 1 3 2 1 1 1 1 1 1 0 0 0 1 0 1 2 1 1 0 1 1 1 0 2
 2 1 0 2 3 1 2 1 1 1 1 1 1 0 2 0 2 1 1 1 1 0 2 0 1 3 1 1 1 1 1 2 1 0 1 1 0
 1 1 1 1 1 0 1 1 1 1 1 1 3 1 1 1 1 1 1 1 1 1 1 1 1 2 1 1 0 1 0 0 1 1 0 0 1
 1 1 1 0 2 0 2 0 2 1 2 1 1 0 2 1 2 1 2 1 0 1 1 1 3 0 1 0 1 2 1 2 2 1 1 1 1
 0 0 1 1 2 1 1 1 3 1 1 1 1 0 1 0 1 1 3 0 0 2 2 2 1 1 2 1 0 0 1 1 3 2 1 1 1
 1 0 0 3 2 1 0 1 1 1 0 1 1 1 0 1 2 1 1 1 1 0 1 1 0 1 1 1 0 1 1 1 1 1 0 1 1
 0 1 1 0 0 1 3 1 0 0 2 0 1 1 1 0 2 2 0 1 0 0 1 0 0 0 1 1 0 1 2 0 1 0 2 0 1
 2 1 0 0 1 1 1 0 1 1 0 0 1 1 2 1 1 1 2 1 0 1 1 1 1 1 0 1 1 1 0 1 1 1 3 1 1
 0 0 1 1 3 2 1 2 0 2 1 0 1 1 1 2 2 1 1 1 2 1 1 0 1 0 0 1 0 1 3 1 1 1 1 2 1
 1 1 1 1 0 1 0 0 1 1 0 0 2 2 0 1 1 1 1 2 1 1 1 1 0 0 1 1 1 1 0 1 0 2 0 1 2
 2 2 1 1 1 0 1 1 1 1 2 2 3 0 2 1 3 1 1 1 1 1 2 1 1 1 1 0 1 2 0 2 0 1 0 1 1
 2 1 1 2 0 0 1 1 3 2 1 1 1 1 1 1 1 1 2 2 1 1 1 1 3 1 0 2 1 0 0 1 1 0 2 1 1
 0 1 2 1 1 0 0 0 1 1 3 1 1 1 1 1 0 0 1 3 1 0 1 1 1 0 0 0 2 0 1 1 1 0 1 0 1
 1 1 1 0 3 2 1 1 2 2 1 0 1 1 1 1 0 1 2 3 1 1 1 1 1 0 0 0 3 1 2 0 0 1 1 1 3
 1 0 0 0 1 0 1 3 2 1 1 1 1 2 0 2 1 1 1 1 0 1 0 1 1 0 1 1 1 1 1 0 2 1 0 1 1
 1 1 1 1 2 0 2 2 3 1 1 0 1 1 3 1 0 1 2 0 1 0 2 1 1 0 1 1 1 1 0 0 1 1 0 1 2
 1 1 1 2 2 1 1 0 0 0 1 1 0 0 0 1 1 1 1 1 1 2 1 0 2 1 0 1 0 3 1 1 1 0 1 1 1
 1 1 1 0 1 0 2 0 2 1 1 1 3 1 0 2 0 2 1 1 0 1 1 1 2 1 0 1 1 1 1 1 2 0 2 1 1
 0 1 3 2 1 1 0 2 1 0 1 1 1 2 1 0 1 1 1 1 0 0 1 1 0 1 0 1 1 2 1 1 1 2 1 0 0
 1 0 0 0 1 1 1 1 0 1 1 1 1 2 1 0 1 2 1 0 1 1 0 2 2 3 1 0 1 1 1 1 1 1 2 2 1
 1 0 2 0 0 0 1 1 1 1 1 1 1 0 1 1 2 2 1 1 2 2 1 0 0 0 1 0 1 1 2 1 1 0 1 1 0
 0 1 0 1 1 1 0 1 1 1 1 0 0 1 1 2 1 1 3 1 0 1 1 2 1 1 2 2 0 1 1 2 1 1 2 0 0
 1 1 3 1 0 2 2 1 0 0 1 0 1 1 2 0 0 1 2 1 1 2 1 1 2 1 1 2 3 1 3 1 1 0 1 1 1
 2 1 2 1 0 1 1 1 1 0 2 1 3 0 1 1 1 2 1 1 0 0 1 1 1 1 2 1 2 0 1 0 3 1 1 2 0
 1 1 1 1 1 0 0 1 1 0 1 0 0 0 1 1 0 0 0 1 0 0 1 2 1 1 1 1 0 0 0 0 1 2 0 1 1
 2 1 2 0 1 1 1 1 1 2 2 1 1 1 1 1 1 1 1 1 1 1 1 1 1 0 2 2 0 1 1 1 0 1 1 2 3
 1]"
dbscan,81,,,,,0.0207989468500042,25,0.0,euclidean,3,0.9991081496881496,0.16592177524682705,4.0,euclidean,0.6969036537775475,0.015,"[ 0  1  2  3  4 44  5  6  7  6  8  9 10  3 11 12 13 14 15 16 17 18 19 20
 19 21 19 22 23 -1 24  6  0 12 18 25 26 27 27  1 28 29  0 30 31 32 -1 16
 33 17 23 34 35 36 37  3 24 38 20 18 39  8 40  9 31 30 41 42 43 40 42 22
 43 44 45 21 43 46 34 47 35 28 41  1 21 48 28  9 49 16 45 -1 14  1 23  8
 49 50 21 34 10  6 51 14 40 18  1 52 20 53 15 80  3 28 38  6 54  2 38 55
  5 56 40 19 26 57  1 11 42 37 25  3 51 40 28 33 45 53 27 58 53 50 21 24
  6  7  0 59  2 27 53 52 60 58 45 13 61 42 -1 57 20 43 45 57 62 26 35 14
 13 20 14 63 34 54 59 64 42 46 63 45 46 23 42 28 29 65 13 66 37 46  6 63
 31 34  1  6  2 28 64 -1 18 10 27 34  8 21 45 62 35 48 27 45 -1 50 15 67
 66 34 60 42 11 53 65 18  7 68 61 63  7 67 63 69 18 14 14 33 70 59 35 37
 40 71 71 -1 67 17 54  3 48  6 39 57 20 40 55 66 70 27 53  7  4 24  8 15
 14 72 20 18 54 49  0 11 23 53 43 35 35  9 24 50 50 73 16 50 52  1 31  9
 14 62 70 11  7 35  7 -1 60 17  8 16 67 11 10 18 53 69 18 18 26 48 62 17
  1 36 30 31 18 17 14 33 11 53  7 27 74 53 39 14 57 26 72 40 14  7 76 48
  1 72 30 56 18 70 35 25  9 12 48 14 49 75 53 40 55 62 55 23 64 17 16 43
 20 21 37 68 33 80 71 57 60 28 63 31 23 37 58 55  8 39 53 22  0 52 35 49
 68 32 20 65 14 61 51  1 33 14 64  8 26  4  3 10 16 27 58 45 76 40 75 45
 46 18 59 37 39 63  1 56 63 46 30 72  7 45 26 19 53 65  4 33  5 35 20 26
 65  1 18 57 35  7 77 -1 26 70 25 14 45  2 40 46 39 76 55  4 72 75 14 33
 57 23  1 74  5  1 77 30 32  5 23 40 72  6  7 45 33  7 18 20 51 43 49  6
 71 43 26 44 14 33 13  7 64 56 42 19 38 51 36  6 38 50  9  6 68 74  0 28
 -1 51  7 50  7 45 50 28 28 28 43  1  7  6  1 24 28 52 19 60 29 42 44 35
 69  0 25 47  1 56 36 26 62 68 23 56 67 31 51 70 76 43 34  1 61 16 70 53
 51  3 72 59 18 50 64 36 13 47 19 75 65 37 55 40 49 -1 75  6  4 42 28 42
 12  7 31 25 18 25 20 24 79 24  9 18 69 76 26 37 56 66 66 55 45 76 75 18
 -1 63 40  9 32 21 34 24  0 33 45 18 14 15 49 69  3  8 40 53  1 51 76  7
 20  5 16 55 49  5 31 65 49 44 32 53  7 13 52 79  4 18 50  7 79  6  3 74
 26 80 61 22 18 62 20 76 18 18 19 38 14 38 50  5 23 38 42 25 21 -1  3  9
 49 43 61 41 14 40 72 57  7 30 76 61 40 31 50 53  2  2 44 73 18 20 18 23
 14 65 45 76 46 26 48  9 32 68 49 27 74  9 62 24  8 65 74 36 30 59 13  1
 14 56 31  9 18 26 12 18 14 68 32 56 49 20 51 63 18 56 46 76 26 78 -1 18
 26  6 42 42  9 33 28 59 56 44  6 78  3 61 17 15 36  6 18 45 45 68 37  8
 59  1  1 23 12 67 35 35 59 21 13 77 64 18 -1 28  6 53 28 71  3  3 16 25
 40 61 75 10 23 62 18 37 68 18 76 63  0  2 79 60 40 53 39 28  5 54 70 29
  9 14 42 20 39 25 59 63 48 18 16 12 65 77 28 24 72 11 76 53 42 30 51 31
 30 60  9 36 20 30  2 29 60  7  7 31 14 72 22 43 35 35 65 50 16 57 18 21
 21 46 76  0 47 18 63  1 60 20 26 30 59 65 46 72 32 72 41 36 18  6 22 59
 45 40 62 31 18 63  5 63  6 13 61 14 72 15 26 66  4 44  2  1  9  8 53 74
  3 32 62 53 46 76 73 54 34 27 25 35 18  6 20 14 10  1 13  7  5 63 50 25
 73 65 70 37  1  9 78 78 26 18 64 28 62 31 55 55 20 78 18  7 49 69 77 43
 18  3 46  1 62 65 65  1 59  4 57 45 75  4 48 32 55 20 28 66 80 53 66 23
 72 65 26 76 18 45 39 24 18 40 43  1 71 46 19 67]"
dbscan,5,,,,,0.03891001348028234,50,0.0,cosine,3,0.897263645213629,0.3088414689138144,5.0,chebyshev,0.9727851997101844,0.002,"[ 0  1  1  1  1  2  1  1  0  1  0  0  1  1  1  1  0  1  0  0  1  0  3  1
  3  1  3  1  1  0  1  1  0  1  0  1  4  1  1  1  1  4  0  2  4  1  0  0
  4  1  1  3  2  4  1  1  1  1  1  0  0  0  1  0  4  2  1  4  0  1  4  1
  0  2  2  1  0  2  3  1  2  1  1  1  4  1  1  0  2  0  2  1  1  1  1  0
  2  0  1  3  1  1  4  1  1  2  1  0  1  1  0  1  1  1  1  1  0  1  1  1
  1  1  1  3  4  1  1  1  4  1  1  1  4  1  1  4  2  1  1  0  1  0  0  1
  1  0  0  1  1  1  1  0  2  0  2  0  2  4  2  1  1  0  2  1  2  4  2  1
  0  1  1  4  3  0  1  0  4  2  4  2  2  1  4  1  4  0  0  1  1  2  1  4
  4  3  1  1  1  1  0  4  0  1  1  3  0  0  2  2  2  1  1  2  1  0  0  1
  1  3  2  4  1  1  4  0  0  3  2  4  0  1  4  1  0  1  1  4  0  1  2  1
  1  1  1  0  1  1  0  1  1  1  0  1  1  1  1  1  0  1  1  0  1  1  0  0
  1  3  1  0  0  2  0  1  1  1  0  2  2  0  1  0  0  4  0  0  0  1  4  0
  1  2  0  1  0  2  0  1  2  1  0  0  1  1  1  0  1  1  0  0  4  1  2  1
  1  4  2  4  0  1  1  4  1  1  0  1  1  1  0  1  1  4  3  1  1  0  0  1
  1  3  2  1  2  0  2  1  0  1  1  1  2  2  1  1  1  2  1  1  0  1  0  0
  1  0  1  3  4  1  1  1  2  1  4  4  1  1  0  1  0  0  1  1  0  0  2  2
  0  1  1  4  1  2  4  1  4  1  0  0  4  1  1  1  0  1  0  2  0  1  2  2
  2  4  1  1  0  4  1  1  4  2  2  3  0  2  4  3  1  4  1  4  1  2  1  4
  4  1  0  1  2  0  2  0  4  0  1  1  2  1  1  2  0  0  1  1  3  2  1  4
  1  1  1  1  1  1  2  2  1  1  1  1  3  1  0  2  4  0  0  1  4  0  2  1
  1  0  4  2  1  4  0  0  0  1  4  3  1  4  4  1  1  0  0  1  3  1  0  1
  1  4  0  0  0  2  0  1  1  1  0  1  0  1  1  1  1  0  3  2  1  4  2  2
  1  0  1  1  1  1  0  4  2  3  1  1  1  4  4  0  0  0  3  1  2  0  0  1
  4  1  3  1  0  0  0  4  0  1  3  2  4  1  1  1  2  0  2  1  1  4  1  0
  1  0  4  1  0  1  1  1  1  1  0  2  1  0  4  1  1  1  1  1  2  0  2  2
  3  4  1  0  1 -1  3  1  0  0  2  0  1  0  2  1  1  0  1  1  1  4  0  0
  1  1  0  1  2  1  4  1  2  2  1  1  0  0  0  1  1  0  0  0  1  1  1  1
  4  1  2  1  0  2  1  0  4  0  3  1  1  1  0  1  1  1  4  1  4  0  1  0
  2  0  2  1  1  1  3  1  0  2  0  2  1  4  0  1  1  1  2  4  0  1  4  1
  1  4  2  0  2  4  1  0  1  3  2  1  1  0  2  1  0  1  1  4  2  1  0  1
  1  1  4  0  0  4  1  0  1  0  1  1  2  1  4  4  2  1  0  0  4  0  0  0
  4  1  4  4  0  4  1  1  1  2  1  0  1  2  1  0  4  1  0  2  2  3  1  0
  1  1  1  1  1  1  2  2  1  1  0  2  0  0  0  1  1  1  1  1  1  1  0  1
  1  2  2  1  1  2  2  1  0  0  0  4  0  1  1  2  1  1  0  1  1  0  0  1
  0  1  4  1  0  1  1  4  1  0  0  1  4  2  1  1  3  1  0  1  1  2  4  4
  2  2  0  4  1  2  1  4  2  0  0  4  1  3  1  0  2  2  4  0  0  1  0  4
  1  2  0  0  1  2  4  1  2  1  4  2  1  4  2  3  1  3  1  4  0  1  1  1
  2  1  2  4  0  4  1  4  1  0  2  1  3  0  4  1  1  2  1  1  0  0  1  1
  1  1  2  1  2  0  4  0  3  1  1  2  0  1  1  1  1  1  0  0  1  4  0  1
  0  0  0  1  1  0  0  0  4  0  0  1  2  4  1  1  1  0  0  0  0  1  2  0
  1  1  2  1  2  0  4  1  1  1  1  2  2  1  1  1  1  1  1  1  1  1  1  1
  4  4  4  0  2  2  0  1  1 -1  0  1  1  2  3  1]"
dbscan,61,,,,,0.02429910380831576,50,0.0,euclidean,3,0.9986829421308816,0.17052853693654146,5.0,euclidean,0.675520571410346,0.025,"[ 0  1  2  3  4 37  5  6 56  6  7  8  9  3 10  6 11 12 13 14 15 16 17 18
 17 19 17 20 21 30 22  6  0  6 16 23 24 18 18  1 25 26  0 27 28 29 30 14
 31 15 21 -1 32 31 33  3 22  4 18 34 35  7 36  8 28 27 20 26  0 36 26 20
  0 37 -1 19  0 38 39 18 32 25 20  1 19 15 25  8 40 14 27  3 12  1 21  7
 40 30 19 39  9  6 19 12 36 34  1 41 18 42 13 -1  3 25  4  6 48  2  4 43
  5 44 55 17 24 45  1 10 26 33 23  3 19 36 25 31 27 -1 18 35 42 58 19 22
  6 -1  0 43  2 18 42 41 46 35 27 11 47 26 38 45 18  0 27 45 37 24 32 12
 11 18 12 -1 39 48 43 49 26 38 50 27 38 21 26 25 26 51 11 52 33 38  6 50
 28 39  1  6  2 25 49 24 34  9 18 -1  7 19 27 37 32 15 18 27 -1 58 13  2
 52 39 46 26 10 42 51 16 53 13 47 50 53  2 50  4 16 12 12 31 54 43 32 33
 55 10 10 -1  2 15 48  3 15  6 35 45 18 36 43 52 54 18 42 56  4 22  7 13
 12 57 18 34 48 40 -1 10 21 42  0 32 32  8 22 30 30 50 14 58 41  1 28  8
 12 37 54 10 56 32 56 -1 37 15  7 14  2 10  9 16 42  4 34 16 24 15 37 15
  1 31 27 28 34 15 12 31 10 42 56 18 52 42 35 12 45 24 57 55 12 53 49 15
  1 57 27 44 34 54 32 23  8  6 15 12 40 59 42 36 43 37 43 21 49 15 14  0
 18 19 33 13 31 -1 10 45 46 25 50 28 21 -1 35 43  7 35 42 20  0 41 32 40
 13 29 18 51 12 47 19  1 31 12 49  7 24  4  3  9 14 18 35 27 49 36 59 -1
 38 34 43 33 35 50  1 44 50 38 27 57 56 27 24 17 42 51  4 31  5 32 18 24
 51  1 16 45 32 53 34 -1 24 54 23 12 27  2 36 38 35 60 43  4 57 59 12 31
 -1 21  1 52  5  1 34 27 29  5 21 36 57  6 56 27 31 56 16 18 19  0 40  6
 10  0 24 37 12 31 11 53 49 44 26 17  4 19 31  6  4 30  8  6 13 52  0 25
  4 19 53 30 56 27 30 25 25 25  0  1 56  6  1 22 25 41 17 46 26 26 37 32
  4  0 23 18  1 44 31 24 37 13 21 44  2 28 19 54 49  0 39  1 47 14 54 42
 19  3 57 43 16 58 49 31 11 18 17 59 51 33 43 36 40  8 59  6  4 26 25 26
  6 53 28 23 34 23 18 22 45 22  8 34  4 49 24 33 44 52 52 43 27 60 59 34
 17 50 55  8 29 19 39 22  0 31 27 16 12 13 40  4  3  7 36 42  1 19 60 56
 18  5 14 43 40  5 28 51 40 37 29 42 53 11 41 -1  4 16 30 53 45  6  3 52
 24 -1 47 20 16 37 18 60 34 34 17  4 12  4 30  5 21  4 26 23 19  8  3  8
 40  0 47 20 12 36 57 45 53 27 60 47 36 28 30 42  2  2 37 -1 34 18 34 21
 12 51 -1 60 38 24 15  8 29 13 40 -1 52  8 37 22  7 51 52 31 27 43 11  1
 12 44 28  8 16 24  6 34 12 13 29 44 40 18 19 50 34 -1 38 60 24 51  8 34
 24  6 26 26  8 31 25 43 44 37  6 51  3 47 15 13 31  6 34 27 27 13 33  7
 43  1  1 21  6  2 32 32 43 19 11 34 49 16 41 25  6 42 25 10  3  3 14 23
 55 47 59  9 21 37 34 33 13 34 49 50  0  2 45 46 36 42 35 25  5 48 54 26
  8 12 26 18 35 23 43 50 15 16 14  6 51 34 25 22 57 10 -1 42 26 27 19 28
 27 46  8 31 18 27  2 26 46 56 56 28 12 57 20  0 32 32 51 30 14 45 16 19
 19 38 49  0 18 34 50  1 46 18 24 27 43 51 38 57 29 57 20 31 16  6 20 43
 27 36 37 28 34 50  5 50  6 11 47 12 57 13 24 -1  4 37  2  1  8  7 42 52
  3 29 37 42 38 49 50 14 39 18 23 32 16  6 18 12  9  1 11 53  5 50 58 23
 50 51 54 33  1  8 51 51 24 16 49 25 37 28 43 43 18 51 16 53 40  4 34  0
 34  3 38  1 37 51 51  1 43  4 45 27 59  4 15 29 43 18 25 52 -1 42 52 21
 57 51 24 49 34 27 35 22 34 36  0  1 10 38 17  2]"
dbscan,2,,,,,0.03129599066055156,100,0.0,cosine,3,0.8945920894643908,0.3194198719960723,5.0,cosine,0.985182806082262,0.0,"[0 1 1 1 1 1 1 1 0 1 0 0 1 1 1 1 0 1 0 0 1 0 0 1 0 1 0 1 1 0 1 1 0 1 0 1 1
 1 1 1 1 1 0 1 1 1 0 0 1 1 1 0 1 1 1 1 1 1 1 0 0 0 1 0 1 1 1 1 0 1 1 1 0 1
 1 1 0 1 0 1 1 1 1 1 1 1 1 0 1 0 1 1 1 1 1 0 1 0 1 0 1 1 1 1 1 1 1 0 1 1 0
 1 1 1 1 1 0 1 1 1 1 1 1 0 1 1 1 1 1 1 1 1 1 1 1 1 1 1 1 0 1 0 0 1 1 0 0 1
 1 1 1 0 1 0 1 0 1 1 1 1 1 0 1 1 1 1 1 1 0 1 1 1 0 0 1 0 1 1 1 1 1 1 1 1 1
 0 0 1 1 1 1 1 1 0 1 1 1 1 0 1 0 1 1 0 0 0 1 1 1 1 1 1 1 0 0 1 1 0 1 1 1 1
 1 0 0 0 1 1 0 1 1 1 0 1 1 1 0 1 1 1 1 1 1 0 1 1 0 1 1 1 0 1 1 1 1 1 0 1 1
 0 1 1 0 0 1 0 1 0 0 1 0 1 1 1 0 1 1 0 1 0 0 1 0 0 0 1 1 0 1 1 0 1 0 1 0 1
 1 1 0 0 1 1 1 0 1 1 0 0 1 1 1 1 1 1 1 1 0 1 1 1 1 1 0 1 1 1 0 1 1 1 0 1 1
 0 0 1 1 0 1 1 1 0 1 1 0 1 1 1 1 1 1 1 1 1 1 1 0 1 0 0 1 0 1 0 1 1 1 1 1 1
 1 1 1 1 0 1 0 0 1 1 0 0 1 1 0 1 1 1 1 1 1 1 1 1 0 0 1 1 1 1 0 1 0 1 0 1 1
 1 1 0 1 1 0 1 1 1 1 1 1 0 0 1 1 0 1 1 1 1 1 1 1 1 1 1 0 1 1 0 1 0 1 0 1 1
 1 1 1 1 0 0 1 1 0 1 1 1 1 1 1 1 1 1 1 1 1 1 1 1 0 1 0 1 1 0 0 1 1 0 1 1 1
 0 1 1 1 1 0 0 0 1 1 0 1 1 1 1 1 0 0 1 0 1 0 1 1 1 0 0 0 1 0 1 1 1 0 1 0 1
 1 1 1 0 0 1 1 1 1 1 1 0 1 1 1 1 0 1 1 0 1 1 1 1 1 0 0 0 0 1 1 0 0 1 1 1 0
 1 0 0 0 1 0 1 0 1 1 1 1 1 1 0 1 1 1 1 1 0 1 0 1 1 0 1 1 1 1 1 0 1 1 0 1 1
 1 1 1 1 1 0 1 1 0 1 1 0 1 1 0 1 0 1 1 0 1 0 1 1 1 0 1 1 1 1 0 0 1 1 0 1 1
 1 1 1 1 1 1 1 0 0 0 1 1 0 0 0 1 1 1 1 1 1 1 1 0 1 1 0 1 0 0 1 1 1 0 1 1 1
 1 1 1 0 1 0 1 0 1 1 1 1 0 1 0 1 0 1 1 1 0 1 1 1 1 1 0 1 0 1 1 1 1 0 1 1 1
 0 1 0 1 1 1 0 1 1 0 1 1 1 1 1 0 1 1 1 1 0 0 1 1 0 1 0 1 1 1 1 1 1 1 1 0 0
 1 0 0 0 1 1 1 1 0 1 1 1 1 1 1 0 1 1 1 0 1 1 0 1 1 0 1 0 1 1 1 1 1 1 1 1 1
 1 0 1 0 0 0 1 1 1 1 1 1 1 0 1 1 1 1 1 1 1 1 1 0 0 0 1 0 1 1 1 1 1 0 1 1 0
 0 1 0 1 1 1 0 1 1 1 1 0 0 1 1 1 1 1 0 1 0 1 1 1 1 1 1 1 0 1 1 1 1 1 1 0 0
 1 1 0 1 0 1 1 1 0 0 1 0 1 1 1 0 0 1 1 1 1 1 1 1 1 1 1 1 0 1 0 1 1 0 1 1 1
 1 1 1 1 0 1 1 1 1 0 1 1 0 0 1 1 1 1 1 1 0 0 1 1 1 1 1 1 1 0 1 0 0 1 1 1 0
 1 1 1 1 1 0 0 1 1 0 1 0 0 0 1 1 0 0 0 1 0 0 1 1 1 1 1 1 0 0 0 0 1 1 0 1 1
 1 1 1 0 1 1 1 1 1 1 1 1 1 1 1 1 1 1 1 1 1 1 1 1 1 0 1 1 0 1 1 1 0 1 1 1 0
 1]"
dbscan,2,,,,,0.02617326634360245,100,0.0,euclidean,3,0.998680824014126,0.18015461334319993,5.0,cosine,0.9287036069603165,0.0,"[0 1 1 1 1 0 1 1 0 1 0 0 0 1 1 1 0 1 0 0 0 0 0 1 0 0 0 1 1 0 0 1 0 1 0 1 0
 1 1 1 1 0 0 0 0 1 0 0 0 0 1 0 0 0 0 1 0 1 1 0 0 0 1 0 0 0 1 0 0 1 0 1 0 0
 0 0 0 0 0 1 0 1 1 1 0 0 1 0 0 0 0 1 1 1 1 0 0 0 0 0 0 1 0 1 1 0 1 0 1 1 0
 0 1 1 1 1 0 1 1 1 1 1 1 0 0 0 1 1 0 0 1 1 0 1 1 0 0 1 1 0 1 0 0 0 1 0 0 1
 1 1 1 0 0 0 0 0 0 0 0 0 1 0 0 0 0 0 0 1 0 1 1 0 0 0 1 0 0 0 0 0 0 1 0 1 0
 0 0 1 0 0 1 0 0 0 1 1 1 1 0 0 0 0 1 0 0 0 0 0 0 0 1 0 1 0 0 1 1 0 0 0 1 1
 0 0 0 0 0 0 0 1 0 1 0 1 1 0 0 1 0 0 1 1 1 0 1 0 0 1 0 1 0 0 1 1 1 1 0 1 1
 0 1 0 0 0 1 0 1 0 0 0 0 1 1 1 0 0 0 0 0 0 0 0 0 0 0 1 0 0 1 0 0 1 0 0 0 1
 0 0 0 0 1 1 0 0 1 1 0 0 0 0 0 0 1 0 0 0 0 0 1 0 1 1 0 1 1 1 0 1 0 0 0 1 1
 0 0 0 1 0 0 1 0 0 0 1 0 1 0 1 0 0 1 1 1 0 1 1 0 0 0 0 1 0 0 0 0 0 1 0 0 1
 0 0 1 0 0 1 0 0 1 1 0 0 0 0 0 1 1 0 1 0 0 1 0 1 0 0 0 1 1 0 0 1 0 0 0 1 0
 0 0 0 1 0 0 0 1 1 0 0 0 0 0 0 0 0 1 0 1 0 1 0 1 0 0 1 0 0 0 0 0 0 0 0 1 1
 0 1 1 0 0 0 1 1 0 0 1 0 0 1 1 1 1 1 0 0 1 1 1 1 0 1 0 0 0 0 0 1 0 0 0 1 1
 0 0 0 1 0 0 0 0 1 0 0 1 0 0 1 1 0 0 1 0 1 0 1 1 0 0 0 0 0 0 1 1 1 0 1 0 1
 1 0 1 0 0 0 0 0 0 0 1 0 1 1 1 1 0 0 0 0 1 1 1 0 0 0 0 0 0 1 0 0 0 1 0 1 0
 1 0 0 0 0 0 1 0 0 0 0 1 1 0 0 0 1 1 0 1 0 1 0 0 1 0 1 1 0 0 0 0 0 1 0 0 0
 1 1 1 1 0 0 0 0 0 0 1 0 1 0 0 0 0 0 0 0 1 0 0 1 1 0 1 1 1 0 0 0 1 1 0 1 0
 1 0 0 0 0 1 1 0 0 0 0 1 0 0 0 0 1 1 1 0 0 0 1 0 0 1 0 0 0 0 1 1 1 0 1 1 1
 0 1 0 0 1 0 0 0 0 1 1 1 0 0 0 0 0 0 1 0 0 1 1 1 0 0 0 1 0 1 1 0 0 0 0 0 0
 0 1 0 0 1 1 0 0 0 0 0 1 0 0 1 0 1 1 1 0 0 0 0 1 0 1 0 1 1 0 1 0 0 0 1 0 0
 0 0 0 0 0 1 0 0 0 0 1 1 1 0 1 0 1 0 0 0 0 1 0 0 0 0 0 0 1 1 1 1 1 1 0 0 1
 0 0 0 0 0 0 1 1 1 1 1 1 1 0 1 1 0 0 0 1 0 0 0 0 0 0 0 0 1 0 0 1 1 0 1 1 0
 0 0 0 1 0 1 0 1 1 0 0 0 0 1 0 0 1 0 0 1 0 1 0 0 0 0 0 0 0 0 1 0 1 0 0 0 0
 0 1 0 1 0 0 0 0 0 0 0 0 0 0 0 0 0 1 0 0 1 0 1 0 0 1 0 0 0 1 0 1 0 0 1 1 1
 0 1 0 0 0 0 1 0 1 0 0 1 0 0 0 1 1 0 1 1 0 0 1 1 1 1 0 1 0 0 0 0 0 1 1 0 0
 1 1 1 0 1 0 0 1 0 0 1 0 0 0 0 1 0 0 0 0 0 0 1 0 0 1 1 1 0 0 0 0 1 0 0 0 1
 0 1 0 0 0 1 1 1 0 0 0 1 0 1 1 1 1 1 0 1 1 1 0 0 0 0 0 0 0 0 0 1 0 1 1 0 0
 1]"
dbscan,7,,,,,0.02935706123115888,10,0.0,cosine,4,0.8974935500253935,0.3889477480261049,5.0,euclidean,0.9025336570831011,0.001,"[ 0  1  1  1  1  2  1  1  0  1  3  0  1  1  1  1  0  1  3  0  1  3  4  1
  4  1  4  1  1  0  1  1  0  1  3  1  5  1  1  1  1  5  0  2  5  1  0  0
  5  1  1  4  6  5  1  1  1  1  1  3  0  3  1  0  5  2  1  5  0  1  5  1
  0  2  2  1  0  6  4  1  6  1  1  1  5  1  1  0  6  0  2  1  1  1  1  3
  6  0  1  4  1  1  5  1  1  6  1  3  1  1  3  1  1  1  1  1  0  1  1  1
  1  1  1  4  5  1  1  1  5  1  1  1  5  1  1  5  2  1  1  0  1  0  0  1
  1  0  0  1  1  1  1  0  6  0  2  3  2  1  6  1  1  0  2  1  2  5  6  1
  3  1  1  5  4  0  1  3  5  6  5  2  6  1  5  1  5  0  3  1  1  6  1  5
  5  4  1  1  1  1  3  5  3  1  1  4  3  0  2  2  2  1  1  2  1  0  3  1
  1  4  2  5  1  1  5  3  0  4  6  5  0  1  5  1  3  1  1  5  0  1  6  1
  1  1  1  0  1  1  0  1  1  1  0  1  1  1  1  1  0  1  1  0  1  1  3  3
  1  4  1  3  0  6  0  1  1  1  0  6  6  0  1  0  0  5  0  0  3  1  5  0
  1  2  0  1  0  6  0  1  2  1  3  0  1  1  1  3  1  1  0  3  5  1  2  1
  1  5  2  5  3  1  1  5  1  1  0  1  1  1  0  1  1  5  4  1  1  0  3  1
  1  4  2  1  6  0  6  1  0  1  1  1  6  2  1  1  1  2  1  1  3  1  0  0
  1  0  1  4  5  1  1  1  6  1  5  5  1  1  0  1  3  0  1  1  0  3  6  6
  3  1  1  5  1  2  5  1  5  1  3  3  5  1  1  1  0  1  0  2  3  1  6  2
  6  5  1  1  0  5  1  1  5  6  2  4  0  2  5  4  1  5  1  5  1  6  1  5
  5  1  3  1  6  0  6  0  5  0  1  1  2  1  1  6  0  0  1  1  4  6  1  5
  1  1  1  1  1  1  6  2  1  1  1  1  4  1  0  2  5  0  3  1  5  0  6  1
  1  0  5  2  1  5  3  0  3  1  5  4  1  5  5  1  1  0  0  1  4  1  0  1
  1  5  0  0  0  2  0  1  1  1  0  1  0  1  1  1  1  3  4  2  1  5  2  6
  1  0  1  1  1  1  0  1  2  4  1  1  1  5  5  0  3  0  4  1  6  0  0  1
  5  1  4  1  3  0  3  5  3  1  4  6  5  1  1  1  6  0  6  1  1  5  1  0
  1  0  5  1  3  1  1  1  1  1  0  6  1  3  5  1  1  1  1  1  2  3  2  6
  4  5  1  0  1  1  4  1  0  5  2  3  1  3  6  1  1  3  1  1  1  1  3  0
  1  1  0  1  6  1  5 -1  6  6  1  1  0  3  3  1  1  0  0  0  1  1  1  1
  5  1  6  1  3  2  1  0  5  3  4  1  1  1  0  1  1  1  5  1  5  0  1  0
  6  0  6  1  1  1  4  1  0  2  3  6  1  5  0  1  1  1  2  5  0  1  5  1
  1  5  2  3  6  5  1  0  1  4  6  1  1  0  2  1  0  1  1  5  2  1  3  1
  1  1  5  0  3  5  1  3  1  0  1  1  6  1  5  5  6  1  3  3  5  0  0  3
  5  1  5  5  0  5  1  1  1  2  1  0  1  6  1  3  5  1  3  2  2  4  1  3
  1  1  1  1  1  1  6  2  1  1  3  6  3  3  3  1  1  1  1  1  1  1  0  1
  1  6  6  1  1  2  6  1  3  3  3  5  0  1  1  2  1  1  0  1  1  0  0  1
  0  1  5  1  0  1  1  5  1  3  0  1  5  6  1  1  4  1  3  1  1  2  5  5
  2  6  0  5  1  2  1  5  2  0  0  5  1  4  1  0  6  2  5  0  0  1  0  5
  1  6  3  0  1  6  5  1  2  1  5  2  1  5  6  4  1  4  1  5  3  1  1  1
  2  1  2  5  3  5  1  5  1  3  6  1  4  3  5  1  1  2  1  1  0  3  1  1
  1  1  2  1  6  3  5  0  4  1  1  6  0  1  1  1  1  1  3  0  1  5  0  1
  0  0  0  1  1  0  0  0  5  3  3  1  2  5  1  1  1  0  0  0  3  1  6  0
  1  1  6  1  2  0  5  1  1  1  1  2  6  1  1  1  1  1  1  1  1  1  1  1
  5  5  5  3  6  2  0  1  1  1  0  1  1  6  4  1]"
dbscan,91,,,,,0.012578801973583468,10,0.0,euclidean,4,0.99946937531742,0.23833825495240235,5.0,euclidean,0.7535401774937186,0.009,"[ 0  1  2  3  4  5  6  7  8  7  9 10 11 12 13  7  9 14 15 16 17 18 19 20
 19 21 19 22 23 -1 24  7  0  7 18 25 26 27 27  1 28 29  0 30 31 32 -1 16
 33 17 34 35 36 37 38 12 24 39 20 40 81  9 41 10 31 30 22 42 43 41 42 22
 43  5 44 21 43 45 35 27 46 28 22 47 21 48 28 49 50 16 44 22 14 47 34  9
 50 51 21 35 11  7 21 14 41 52 47 53 20 54 15 55  3 28 39  7 56  2 39 57
  6 58 41 19 26 59  1 13 42 38 25  3 21 41 28 33 60 54 27 -1 54 61 21 24
  7 62  0 63  2 27 64 53  5 -1 44  9 65 42 45 59 20 43 44 59 66 67 36 14
  9 20 14 68 35 56 63 69 42 45 70 44 45 34 42 28 29 71  9 72 38 45  7 70
 31 35  1  7  2 28 69 37 40 11 27 35  9 21 44 73 36 48 27 60 32 61 15 74
 72 35  5 42 13 64 75 18 62 76 65 70 62 74 68 77 18 14 14 78 79 63 36 38
 41 80 80 -1 74 17 56  3 48  7 81 59 20 41 57 72 79 27 54  8  4 24  9 15
 14 82 20 40 56 50  0 13 23 64 43 36 46 49 24 51 51 89 16 61 53 47 31 10
 14 73 79 13  8 46  8 13  5 17  9 16 74 13 11 18 64 77 40 18 26 48 66 17
 47 37 30 31 40 17 14 78 13 54  8 27 83 54 81 14 59 26 82 41 14 62 84 48
 47 82 30 58 52 79 46 25 10  7 48 14 50 85 64 41 57 73 57 34 69 17 16 43
 20 21 38 76 33 55 80 59  5 28 70 31 34 55 -1 57  9 81 64 22  0 53 46 50
 76 32 20 75 14 65 21  1 33 14 69  9 67  4  3 11 16 27 -1 44 84 41 85 44
 45 86 63 38 81 68 47 58 70 45 30 82  8 44 67 19 54 71  4 78  6 46 20 67
 75 47 18 59 36 62 87 79 67 79 25 14 60  2 41 45 81 88 57  4 82 85 14 33
 59 23 47 83  6  1 87 30 32 83 34 41 82  7  8 44 33  8 18 20 21 43 50  7
 80 43 26  5 14 78  9 62 69 58 42 19 39 21 37  7 39 51 49  7 76 83  0 28
 39 21 62 51  8 60 51 28 28 28 43 47  8  7  1 24 28 53 19  5 29 42  5 36
 77  0 25 27  1 58 37 67 73 76 34 58 74 31 21 79 84 43 35 47 65 16 79 64
 21  3 82 63 18 61 69 37  9 27 19 85 75 38 57 41 50 49 85  7  4 42 28 42
  7 62 31 25 40 25 20 24 59 24 10 52 77 84 67 38 58 72 72 57 60 88 85 52
 19 68 41 10 32 21 35 24  0 33 44 18 14 15 50 77  3  9 41 64 47 21 88  8
 20  6 16 57 50 83 31 71 50  5 32 54 -1  9 53 59  4 18 51 62 59  7  3 83
 67 55 65 22 18 66 20 88 86 40 19 39 14 39 61  6 34 39 42 25 21 49 12 49
 50 43 65 22 14 41 82 59 62 30 88 65 41 31 51 64  2  2  5 89 -1 20 40 23
 14 71 44 88 45 67 48 49 32 76 50 27 83 49 73 24  9 71 83 37 30 63  9 47
 14 58 31 49 18 67  7 86 14 76 32 58 50 20 21 70 52 58 45 88 67 90 49 86
 26  7 42 42 10 78 28 63 58  5  7 90 12 65 17 15 37  7 86 60 44 76 38  9
 63 47 47 23  7 74 36 46 63 21  9 87 69 18 53 28  7 54 28 80 12 12 16 25
 41 65 85 11 23 66 52 38 76 40 84 70  0  2 59  5 41 64 81 28 83 56 79 29
 10 14 42 20 81 25 63 70 48 18 16  7 71 87 28 24 82 13 84 54 42 30 21 31
 30  5 49 37 20 30  2 29  5  8  8 31 14 82 22 43 46 46 71 51 16 59 18 21
 21 45 84  0 27 52 70 47  5 20 67 30 63 71 45 82 32 82 22 37 18  7 22 63
 60 41 66 31 86 70  6 70  7  9 65 14 82 15 26 72  4  5  2 47 49  9 64 83
  3 32 66 64 45 84 89 16 35 27 25 36 18  7 20 14 11  1  9 62  6 68 61 25
 89 71 79 38 47 10 90 90 26 18 69 28 66 31 57 57 20 90 18 62 50 77 87 43
 52  3 45  1 73 71 75  1 63  4 59 60 85  4 48 32 57 20 28 72 55 64 72 23
 82 89 67 84 52 44 81 24 86 41 43 47 80 45 19 74]"
dbscan,4,,,,,0.026404029868453322,25,0.0,cosine,4,0.9018702702702702,0.29392603438202325,5.0,cosine,0.9380652718050279,0.0,"[0 1 1 1 1 2 1 1 0 1 0 0 1 1 1 1 0 1 0 0 1 0 3 1 3 1 3 1 1 0 1 1 0 1 0 1 1
 1 1 1 1 1 0 2 1 1 0 0 1 1 1 3 2 1 1 1 1 1 1 0 0 0 1 0 1 2 1 1 0 1 1 1 0 2
 2 1 0 2 3 1 2 1 1 1 1 1 1 0 2 0 2 1 1 1 1 0 2 0 1 3 1 1 1 1 1 2 1 0 1 1 0
 1 1 1 1 1 0 1 1 1 1 1 1 3 1 1 1 1 1 1 1 1 1 1 1 1 2 1 1 0 1 0 0 1 1 0 0 1
 1 1 1 0 2 0 2 0 2 1 2 1 1 0 2 1 2 1 2 1 0 1 1 1 3 0 1 0 1 2 1 2 2 1 1 1 1
 0 0 1 1 2 1 1 1 3 1 1 1 1 0 1 0 1 1 3 0 0 2 2 2 1 1 2 1 0 0 1 1 3 2 1 1 1
 1 0 0 3 2 1 0 1 1 1 0 1 1 1 0 1 2 1 1 1 1 0 1 1 0 1 1 1 0 1 1 1 1 1 0 1 1
 0 1 1 0 0 1 3 1 0 0 2 0 1 1 1 0 2 2 0 1 0 0 1 0 0 0 1 1 0 1 2 0 1 0 2 0 1
 2 1 0 0 1 1 1 0 1 1 0 0 1 1 2 1 1 1 2 1 0 1 1 1 1 1 0 1 1 1 0 1 1 1 3 1 1
 0 0 1 1 3 2 1 2 0 2 1 0 1 1 1 2 2 1 1 1 2 1 1 0 1 0 0 1 0 1 3 1 1 1 1 2 1
 1 1 1 1 0 1 0 0 1 1 0 0 2 2 0 1 1 1 1 2 1 1 1 1 0 0 1 1 1 1 0 1 0 2 0 1 2
 2 2 1 1 1 0 1 1 1 1 2 2 3 0 2 1 3 1 1 1 1 1 2 1 1 1 1 0 1 2 0 2 0 1 0 1 1
 2 1 1 2 0 0 1 1 3 2 1 1 1 1 1 1 1 1 2 2 1 1 1 1 3 1 0 2 1 0 0 1 1 0 2 1 1
 0 1 2 1 1 0 0 0 1 1 3 1 1 1 1 1 0 0 1 3 1 0 1 1 1 0 0 0 2 0 1 1 1 0 1 0 1
 1 1 1 0 3 2 1 1 2 2 1 0 1 1 1 1 0 1 2 3 1 1 1 1 1 0 0 0 3 1 2 0 0 1 1 1 3
 1 0 0 0 1 0 1 3 2 1 1 1 1 2 0 2 1 1 1 1 0 1 0 1 1 0 1 1 1 1 1 0 2 1 0 1 1
 1 1 1 1 2 0 2 2 3 1 1 0 1 1 3 1 0 0 2 0 1 0 2 1 1 0 1 1 1 1 0 0 1 1 0 1 2
 1 1 1 2 2 1 1 0 0 0 1 1 0 0 0 1 1 1 1 1 1 2 1 0 2 1 0 1 0 3 1 1 1 0 1 1 1
 1 1 1 0 1 0 2 0 2 1 1 1 3 1 0 2 0 2 1 1 0 1 1 1 2 1 0 1 1 1 1 1 2 0 2 1 1
 0 1 3 2 1 1 0 2 1 0 1 1 1 2 1 0 1 1 1 1 0 0 1 1 0 1 0 1 1 2 1 1 1 2 1 0 0
 1 0 0 0 1 1 1 1 0 1 1 1 1 2 1 0 1 2 1 0 1 1 1 2 2 3 1 0 1 1 1 1 1 1 2 2 1
 1 0 2 0 0 0 1 1 1 1 1 1 1 0 1 1 2 2 1 1 2 2 1 0 0 0 1 0 1 1 2 1 1 0 1 1 0
 0 1 0 1 1 1 0 1 1 1 1 0 0 1 1 2 1 1 3 1 0 1 1 2 1 1 2 2 0 1 1 2 1 1 2 0 0
 1 1 3 1 0 2 2 1 0 0 1 0 1 1 2 0 0 1 2 1 1 2 1 1 2 1 1 2 3 1 3 1 1 0 1 1 1
 2 1 2 1 0 1 1 1 1 0 2 1 3 0 1 1 1 2 1 1 0 0 1 1 1 1 2 1 2 0 1 0 3 1 1 2 0
 1 1 1 1 1 0 0 1 1 0 1 0 0 0 1 1 0 0 0 1 0 0 1 2 1 1 1 1 0 0 0 0 1 2 0 1 1
 2 1 2 0 1 1 1 1 1 2 2 1 1 1 1 1 1 1 1 1 1 1 1 1 1 0 2 2 0 1 1 1 0 1 1 2 3
 1]"
dbscan,80,,,,,0.014922172953344245,25,0.0,euclidean,4,0.9990439085239086,0.16693102892665007,4.0,euclidean,0.6497930458344499,0.028,"[ 0  1  2  3  4  5  6  7 -1  7  8  9 10  3 11 12 13 14 15 16 17 18 19 20
 19 21 19 22 23 69 24  7  0 12 18 25 26 27 27  1 28 29  0 30 31 32 -1 16
 33 17 23 34 35 36 37  3 24 38 20 18 39  8 40  9 31 30 41 42 43 40 42 22
 43 44 -1 21 43 45 34 27 35 28 41 46 21 47 28  9 48 16 49 22 50 46 23  8
 48 51 21 34 10  7 21 50 40 52 46 53 20 54 15 47  3 28 38  7 62  2 38 55
  6 56 40 19 26 57  1 11 42 37 25  3 21 40 28 33 49 54 27 39 54 51 21 24
 12 67  0 58  2 27 54 53  5 39 49 13 59 42 -1 57 20 43 49 57 60 26 35 14
 13 20 50 61 34 62 58 63 42 45 61 49 45 23 42 28 29 64  8 65 37 45  7 61
 31 34  1  7  2 28 63 -1 18 10 27 34  8 21 49 60 35 47 27 49 -1 51 15 66
 65 34  5 42 11 54 64 18 67 15 59 61 67 66 61 68 18 50 50 33 69 58 35 37
 40 70 70 -1 66 17 62  3 47  7 39 57 20 40 55 65 69 27 54 71  4 24  8 15
 14 72 -1 18 62 48  0 11 23 54 43 35 35  9 24 51 51 61 16 51 53 46 31  9
 50 60 69 11 -1 35 71 -1  5 17  8 16 66 11 10 18 54 68 18 18 26 47 44 17
 46 36 30 31 18 17 50 33 11 54 -1 27 65 54 39 50 57 26 72 40 50 67 73 47
 46 72 30 56 52 69 35 25  9 12 47 14 48 74 54 40 55 60 55 23 63 17 16 43
 20 21 37 15 33 47 70 57  5 28 61 31 23 -1 39 55  8 39 54 22  0 53 35 48
 15 32 20 64 50 59 21  1 33 50 63  8 26  4  3 10 16 27 39 49 73 40 74 -1
 45 75 58 37 39 61 46 56 61 45 30 72 71 49 26 19 54 64  4 33  6 35 20 26
 64 46 18 57 35 67 76 69 26 69 25 50 49  2 40 45 39 77 55  4 72 74 50 33
 57 23 46 65  6  1 76 30 -1  6 23 40 72  7 71 49 33 71 18 20 21 43 48  7
 70 43 26 44 14 33 13 67 63 56 42 19 38 21 36  7 38 51  9  7 15 65  0 28
 -1 21 67 51 67 49 51 28 28 28 43 46 71  7  1 24 28 53 19  5 29 42 44 35
 68  0 25 27  1 56 36 26 60 15 23 56 66 31 21 69 73 43 34 46 59 16 69 54
 21  3 72 58 18 51 63 36 13 27 19 74 64 37 55 40 48 -1 74  7  4 42 28 42
 12 67 31 25 18 25 20 24 78 24  9 52 68 73 26 37 56 65 65 55 49 77 74 52
 -1 61 40  9 32 21 34 24  0 33 49 18 50 15 48 68  3  8 40 54 46 21 77 -1
 20  6 16 55 48  6 31 64 48 44 32 54 67 13 53 78  4 18 51 67 78  7  3 65
 26 47 59 22 18 60 20 77 75 18 19 38 50 38 51  6 23 38 42 25 21 -1 -1  9
 48 43 59 41 14 40 72 57 67 30 77 59 40 31 51 54  2  2  5 -1 18 20 18 23
 50 64 -1 77 45 26 47  9 32 15 48 -1 65  9 60 24  8 64 65 36 30 58 13 46
 50 56 31  9 18 26 12 75 50 15 32 56 48 20 21 61 52 -1 45 77 26 79 -1 75
 26  7 42 42  9 33 28 58 56 44  7 79  3 59 17 15 36  7 75 49 49 15 37  8
 58 46 46 23 12 66 35 35 58 21 13 76 63 18 53 28  7 54 28 70  3  3 16 25
 40 59 74 10 23 60 52 37 15 18 73 61  0  2 78  5 40 54 39 28  6 62 69 29
  9 50 42 20 39 25 58 61 47 18 16 12 64 76 28 24 72 11 73 54 42 30 21 31
 30  5  9 36 20 30  2 29  5 71 71 31 50 72 22 43 35 35 64 51 16 57 18 21
 21 45 73  0 27 52 61 46  5 20 26 30 58 64 45 72 32 72 41 36 18  7 22 58
 49 40 60 31 75 61  6 61  7 13 59 50 72 15 26 65  4 44  2 46  9  8 54 65
  3 -1 60 54 45 73 61 -1 34 27 25 35 18  7 20 50 10  1 13 67  6 61 51 25
 61 64 69 37 46  9 79 64 26 18 63 28 60 31 55 55 20 79 18 67 48 68 76 43
 52  3 45  1 60 64 64  1 58  4 57 49 74  4 47 32 55 20 28 65 47 54 65 23
 72 -1 26 73 52 49 39 24 75 40 43 46 70 45 19 66]"
dbscan,6,,,,,0.0395887790631245,50,0.0,cosine,4,0.8962757382368848,0.376343866761997,4.0,chebyshev,0.9296934048965504,0.007,"[ 0  1  1  1  1  2  1  1  0  1  0  0  1  1  1  1  0  1  0  0  1  0  3  1
  3  1  3  1  1  0  1  1  0  1  0  1  4  1  1  1  1  4  0  2  4  1  0  0
  4  1  1  3  5  4  1  1  1  1  1  0  0  0  1  0  4  2  1  4  0  1  4  1
  0  2  2  1  0  5  3  1  5  1  1  1  4  1  1  0  5  0  2  1  1  1  1  0
  5  0  1  3  1  1  4  1  1  5  1  0  1  1  0  1  1  1  1  1  0  1  1  1
  1  1  1  3  4  1  1  1  4  1  1  1  4  1  1  4  2  1  1  0  1  0  0  1
  1  0  0  1  1  1  1  0  5  0  2  0  2  4  5  1  1  0  2  1  2  4  5  1
  0  1  1  4  3  0  1  0  4  5  4  2  5  1  4  1  4  0  0  1  1  5  1  4
  4  3  1  1  1  1  0  4  0  1  1  3  0  0  2  2  2  1  1  2  1  0  0  1
  1  3  2  4  1  1  4  0  0  3  5  4  0  1  4  1  0  1  1  4  0  1  5  1
  1  1  1  0  1  1  0  1  1  1  0  1  1  1  1  1  0  1  1  0  1  1  0  0
  1  3  1  0  0  5  0  1  1  1  0  5  5  0  1  0  0  4  0  0  0  1  4  0
  1  2  0  1  0  5  0  1  2  1  0  0  1  1  1  0  1  1  0  0  4  1  2  1
  1  4  2  4  0  1  1  4  1  1  0  1  1  1  0  1  1  4  3  1  1  0  0  1
  1  3  2  1  5  0  5  1  0  1  1  1  5  2  1  1  1  2  1  1  0  1  0  0
  1  0  1  3  4  1  1  1  5  1  4  4  1  1  0  1  0  0  1  1  0  0  5  5
  0  1  1  4  1  2  4  1  4  1  0  0  4  1  1  1  0  1  0  2  0  1  5  2
  5  4  1  1  0  4  1  1  4  5  2  3  0  2  4  3  1  4  1  4  1  5  1  4
  4  1  0  1  5  0  5  0  4  0  1  1  2  1  1  5  0  0  1  1  3  5  1  4
  1  1  1  1  1  1  5  2  1  1  1  1  3  1  0  2  4  0  0  1  4  0  5  1
  1  0  4  2  1  4  0  0  0  1  4  3  1  4  4  1  1  0  0  1  3  1  0  1
  1  4  0  0  0  2  0  1  1  1  0  1  0  1  1  1  1  0  3  2 -1  4  2  5
  1  0  1  1  1  1  0  4  2  3  1  1  1  4  4  0  0  0  3  1  5  0  0  1
  4  1  3  1  0  0  0  4  0  1  3  5  4  1  1  1  5  0  5  1  1  4  1  0
  1  0  4  1  0  1  1  1  1  1  0  5  1  0  4  1  1  1  1  1  2  0  2  5
  3  4  1  0  1 -1  3  1  0  0  2  0  1  0  5  1  1  0  1  1  1  4  0  0
  1  1  0  1  5  1  4  1  5  5  1  1  0  0  0  1  1  0  0  0  1  1  1  1
  4  1  5  1  0  2  1  0  4  0  3  1  1  1  0  1  1  1  4  1  4  0  1  0
  5  0  5  1  1  1  3  1  0  2  0  5  1  4  0  1  1  1  2  4  0  1  4  1
  1  4  2  0  5  4  1  0  1  3  5  1  1  0  2  1  0  1  1  4  2  1  0  1
  1  1  4  0  0  4  1  0  1  0  1  1  5  1  4  4  5  1  0  0  4  0  0  0
  4  1  4  4  0  4  1  1  1  2  1  0  1  5  1  0  4  1 -1  2  2  3  1  0
  1  1  1  1  1  1  5  2  1  1  0  5  0  0  0  1  1  1  1  1  1  1  0  1
  1  5  5  1  1  2  5  1  0  0  0  4  0  1  1  2  1  1  0  1  1  0  0  1
  0  1  4  1  0  1  1  4  1  0  0  1  4  5  1  1  3  1  0  1  1  2  4  4
  2  5  0  4  1  2  1  4  2  0  0  4  1  3  1  0  5  2  4  0  0  1  0  4
  1  5  0  0  1  5  4  1  2  1  4  2  1  4  5  3  1  3  1  4  0  1  1  1
  2  1  2  4  0  4  1  4  1  0  5  1  3  0  4  1  1  2  1  1  0  0  1  1
  1  1  2  1  5  0  4  0  3  1  1  5  0  1  1  1  1  1  0  0  1  4  0  1
  0  0  0  1  1  0  0  0  4  0  0  1  2  4  1  1  1  0  0  0  0  1  5  0
 -1  1  5  1  2  0  4  1  1  1  1  2  5  1  1  1  1 -1  1  1  1  1  1  1
  4  4  4  0  5  2  0  1 -1 -1  0  1  1  5  3  1]"
dbscan,18,,,,,0.017122352947733212,50,0.0,euclidean,4,0.9989063061114116,0.42063873483784103,5.0,euclidean,0.6377602337850505,0.0,"[ 0  1  2  3  2  4  5  2  6  2  7  0  8  3  5  2  7  5  7  0  9  7 10 11
 10  8 10  3  5  0  9  2  0  2  7  5 12 11 11  1  3 13  0  4 14  3  0  0
 12  9  5 10 15 12  9  3  9  2 11  7  0  7  2  0 14  4  3 13  0  2 13  3
  0  4  4  8  0 16 10 11 15  3  3  1  8  9  3  0 16  0  4  3  5  1  5  7
 16  0  8 10  8  2  8  5  2  7  1  7 11  5  7  9  3  3  2  2  0  2  2 17
  5  2  2 10 12  8  1  5 13  9  5  3  8  2  3 12  4  5 11  0  5  0  8  9
  2  6  0 17  2 11  5  7  4  0  4  7 15 13 16  8 11  0  4  8  4 12 15  5
  7 11  5 12 10  0 17  7 13 16 12  4 16  5 13  3 13  6  7  5  9 16  2 12
 14 10  1  2  2  3  7 12  7  8 11 10  7  8  4  4 15  9 11  4  3  0  7  2
  5 10  4 13  5  5  6  7  6  7 15 12  6  2 12  2  7  5  5 12  0 17 15  9
  2  5  5  0  2  9  0  3  9  2  0  8 11  2 17  5  0 11  5  6  2  9  7  7
  5 10 11  7  0 16  0  5  5  5  0 15 15  0  9  0  0 12  0  0  7  1 14  0
  5  4  0  5  6 15  6  5  4  9  7  0  2  5  8  7  5  2  7  7 12  9  4  9
  1 12  4 14  7  9  5 12  5  5  6 11  5  5  0  5  8 12 10  2  5  6  7  9
  1 10  4  2  7  0 15  5  0  2  9  5 16  4  5  2 17  4 17  5  7  9  0  0
 11  8  9  7 12  9  5  8  4  3 12 14  5  9  0 17  7  0  5  3  0  7 15 16
  7  3 11  6  5 15  8  1 12  5  7  7 12  2  3  8  0 11  0  4  7  2  4  4
 16  7 17  9  0 12  1  2 12 16  4 10  6  4 12 10  5  6  2 12  5 15 11 12
  6  1  7  8 15  6  7  0 12  0  5  5  4  2  2 16  0  7 17  2 10  4  5 12
  8  5  1  5  5  1  7  4  3  5  5  2 10  2  6  4 12  6  7 11  8  0 16  2
  5  0 12  4  5 12  7  6  7  2 13 10  2  8 12  2  2  0  0  2  7  5  0  3
  2  8  6  0  6  4  0  3  3  3  0  1  6  2  1  9  3  7 10  4 13 13  4 15
  2  0  5 11  1  2 12 12  4  7  5  2  2 14  8  0  7  0 10  1 15  0  0  5
  8  3 10 17  7  0  7 12  7 11 10  4  6  9 17  2 16  0  4  2  2 13  3 13
  2  6 14  5  7  5 11  9  8  9  0  7  2  7 12  9  2  5  5 17  4  7  4  7
 10 12  2  0  3  8 10  9  0 12  4  7  5  7 16  2  3  7  2  5  1  8  7  6
 11  5  0 17 16  5 14  6 16  4  3  5  6  7  7  8  2  7  0  6  8  2  3  5
 12  9 15  3  7  4 11  7  7  7 10  2  5  2  0  5  5  2 13  5  8  0  3  0
 16  0 15  3  5  2 10  8  6  4  7 15  2 14  0  5  2  2  4  6  7 11  7  5
  5  6  4  7 16 12  9  0  3  7 16 11  5  0  4  9  7  6  5 12  4 17  7  1
  5  2 14  0  7 12  2  7  5  7  3  2 16 11  8 12  7  2 16  7 12  6  0  7
 12  2 13 13  0 12  3 17  2  4  2  6  3 15  9  7 12  2  7  4  4  7  9  7
 17  1  1  5  2  2 15 15 17  8  7  7  7  7  7  3  2  5  3  5  3  3  0  5
  2 15  4  8  5  4  7  9  7  7  7 12  0  2  8  4  2  5  0  3  5  0  0 13
  0  5 13 11  0  5 17 12  9  7  0  2  6  7  3  9 10  5  7  5 13  4  8 14
  4  4  0 12 11  4  2 13  4  6  6 14  5 10  3  0 15 15  6  0  0  8  7  8
  8 16  7  0 11  7 12  1  4 11 12  4 17  6 16 10  3 10  3 12  7  2  3 17
  4  2  4 14  7 12  5 12  2  7 15  5 10  7 12  5  2  4  2  1  0  7  5  5
  3  3  4  5 16  7 12  0 10 11  5 15  7  2 11  5  8  1  7  6  5 12  0  5
 12  6  0  9  1  0  6  6 12  7  7  3  4 14 17 17 11  6  7  6 16  2  7  0
  7  3 16  1  4  6  6  1 17  2  8  4  4  2  9  3 17 11  3  5  9  5  5  5
 10  6 12  7  7  4  0  9  7  2  0  1  5 16 10  2]"
dbscan,3,,,,,0.02906959946755523,100,0.0,cosine,4,0.8911638493231313,0.3803157970973994,5.0,cosine,0.9931972440075587,0.0,"[0 0 0 0 0 1 0 0 0 0 0 0 0 0 0 0 0 0 0 0 0 0 2 0 2 0 2 0 0 0 0 0 0 0 0 0 0
 0 0 0 0 0 0 1 0 0 0 0 0 0 0 2 1 0 0 0 0 0 0 0 0 0 0 0 0 1 0 0 0 0 0 0 0 1
 1 0 0 1 2 0 1 0 0 0 0 0 0 0 1 0 1 0 0 0 0 0 1 0 0 2 0 0 0 0 0 1 0 0 0 0 0
 0 0 0 0 0 0 0 0 0 0 0 0 2 0 0 0 0 0 0 0 0 0 0 0 0 1 0 0 0 0 0 0 0 0 0 0 0
 0 0 0 0 1 0 1 0 1 0 1 0 0 0 1 0 1 0 1 0 0 0 0 0 2 0 0 0 0 1 0 1 1 0 0 0 0
 0 0 0 0 1 0 0 0 2 0 0 0 0 0 0 0 0 0 2 0 0 1 1 1 0 0 1 0 0 0 0 0 2 1 0 0 0
 0 0 0 2 1 0 0 0 0 0 0 0 0 0 0 0 1 0 0 0 0 0 0 0 0 0 0 0 0 0 0 0 0 0 0 0 0
 0 0 0 0 0 0 2 0 0 0 1 0 0 0 0 0 1 1 0 0 0 0 0 0 0 0 0 0 0 0 1 0 0 0 1 0 0
 1 0 0 0 0 0 0 0 0 0 0 0 0 0 1 0 0 0 1 0 0 0 0 0 0 0 0 0 0 0 0 0 0 0 2 0 0
 0 0 0 0 2 1 0 1 0 1 0 0 0 0 0 1 1 0 0 0 1 0 0 0 0 0 0 0 0 0 2 0 0 0 0 1 0
 0 0 0 0 0 0 0 0 0 0 0 0 1 1 0 0 0 0 0 1 0 0 0 0 0 0 0 0 0 0 0 0 0 1 0 0 1
 1 1 0 0 0 0 0 0 0 0 1 1 2 0 1 0 2 0 0 0 0 0 1 0 0 0 0 0 0 1 0 1 0 0 0 0 0
 1 0 0 1 0 0 0 0 2 1 0 0 0 0 0 0 0 0 1 1 0 0 0 0 2 0 0 1 0 0 0 0 0 0 1 0 0
 0 0 1 0 0 0 0 0 0 0 2 0 0 0 0 0 0 0 0 2 0 0 0 0 0 0 0 0 1 0 0 0 0 0 0 0 0
 0 0 0 0 2 1 0 0 1 1 0 0 0 0 0 0 0 0 1 2 0 0 0 0 0 0 0 0 2 0 1 0 0 0 0 0 2
 0 0 0 0 0 0 0 2 1 0 0 0 0 1 0 1 0 0 0 0 0 0 0 0 0 0 0 0 0 0 0 0 1 0 0 0 0
 0 0 0 0 1 0 1 1 2 0 0 0 0 0 2 0 0 0 1 0 0 0 1 0 0 0 0 0 0 0 0 0 0 0 0 0 1
 0 0 0 1 1 0 0 0 0 0 0 0 0 0 0 0 0 0 0 0 0 1 0 0 1 0 0 0 0 2 0 0 0 0 0 0 0
 0 0 0 0 0 0 1 0 1 0 0 0 2 0 0 1 0 1 0 0 0 0 0 0 1 0 0 0 0 0 0 0 1 0 1 0 0
 0 0 2 1 0 0 0 1 0 0 0 0 0 1 0 0 0 0 0 0 0 0 0 0 0 0 0 0 0 1 0 0 0 1 0 0 0
 0 0 0 0 0 0 0 0 0 0 0 0 0 1 0 0 0 1 0 0 0 0 0 1 1 2 0 0 0 0 0 0 0 0 1 1 0
 0 0 1 0 0 0 0 0 0 0 0 0 0 0 0 0 1 1 0 0 1 1 0 0 0 0 0 0 0 0 1 0 0 0 0 0 0
 0 0 0 0 0 0 0 0 0 0 0 0 0 0 0 1 0 0 2 0 0 0 0 1 0 0 1 1 0 0 0 1 0 0 1 0 0
 0 0 2 0 0 1 1 0 0 0 0 0 0 0 1 0 0 0 1 0 0 1 0 0 1 0 0 1 2 0 2 0 0 0 0 0 0
 1 0 1 0 0 0 0 0 0 0 1 0 2 0 0 0 0 1 0 0 0 0 0 0 0 0 1 0 1 0 0 0 2 0 0 1 0
 0 0 0 0 0 0 0 0 0 0 0 0 0 0 0 0 0 0 0 0 0 0 0 1 0 0 0 0 0 0 0 0 0 1 0 0 0
 1 0 1 0 0 0 0 0 0 1 1 0 0 0 0 0 0 0 0 0 0 0 0 0 0 0 1 1 0 0 0 0 0 0 0 1 2
 0]"
dbscan,49,,,,,0.016997038627907912,100,0.0,euclidean,4,0.9985403766921719,0.16833323039500703,5.0,euclidean,0.6195156285213614,0.037,"[ 0  1  2  3  4 35  5  6  7  6  8  9 10  3 11  6 12 13 14 15 16 17 18 19
 18 10 18  3 20 29 21  6  0  6 17 22 23 24 24  1  3 25  0 26 27 28 29 15
 30 16 20 18 31 30 32  3 21  4 19 17 33  8 34  9 27 26  3 25  0 34 25  3
  0 35 -1 10  0 36 18 24 31 -1  3  1 10 37  3  9 36 15 26  3 13  1 20  8
 36 29 10 18 10  6 10 13 34 17  1 38 19 22 14 -1  3  3  4  6 15  2  4 39
  5 34 48 18 23 40  1 -1 25 -1 22  3 10 34  3 30 26 22 24 33 22 -1 10 21
  6  7  0 41  2 24 22 38 42 33 26 12 43 25 36 40 19  0 26 40 35 23 31 13
 12 19 13 45 18 15 41 44 25 36 45 26 36 20 25  3 25 46  8  5 32 36  6 45
 27 18  1  6  2  3 44 -1 17 10 24 -1  8 10 26 35 31 37 24 26 -1 -1 14  2
  5 18 42 25 11 22 46 17  7 14 43 45  7  2 45  2 17 13 13 30  9 41 31 32
 48 11 11 -1  2 16 15  3 37  6 33 40 19 34 39  5  9 24 22  7  4 21  8 14
 13 47 24 17 15 36  0 -1 20 22  0 31 31  9 21 29 29 45 15 -1 38  1 27  9
 13 35  9 11  7 31  7 -1 42 16  8 15  2 11 10 17 22  2 17 17 23 37 35 16
  1 30 26 27 17 16 -1 30 11 22  7 24  5 22 33 13 40 23 47 48 13  7 44 37
  1 47 26 34 17  9 31 22  9  6 37 13 36 42 22 34 39 35 39 20 44 16 15  0
 19 10 32 14 30 -1 11 40 42  3 45 27 20 32 33 39  8 33 22  3  0 38 31 36
 14 28 19 46 13 43 10  1 30 13 44  8 23  4  3 10 15 -1 33 26 44 34 42 -1
 36 17 41 32 33 45  1 34 45 36 26 47  7 26 23 18 22 46  4 30  5 31 19 23
 46  1 17 40 31  7 17 29 23  9 22 13 26  2 34 36 33 44 39  4 47 42 13 30
 40 20  1  5  5  1 17 26 28  5 20 34 47  6  7 26 30  7 17 19 10  0 36  6
 11  0 23 35 13 30 12  7 44 34 25 18  4 10 30  6  4 29  9  6 14  5  0  3
 -1 10  7 29  7 26 29  3  3  3  0  1  7  6  1 21  3 38 18 42 25 25 35 31
  2  0 22 24  1 34 30 23 35 14 20 34  2 27 10  9 44  0 18  1 43 15  9 22
 -1  3 47 41 17 29 44 30 -1 24 18 42 46 32 39 34 36  9 42  6  4 25  3 25
  6  7 27 22 17 22 19 21 -1 21  9 17  2 44 23 32 34  5  5 39 26 44 42 17
 18 45 48  9 28 10 18 21  0 30 26 17 13 14 36  2  3  8 34 22  1 10 44  7
 19  5 15 39 36  5 27 46 36 35 28 22  7 12 38 -1  4 17 29  7 40  6  3  5
 23 -1 43  3 17 35 19 44 17 17 18  4 -1  4 29  5 20  4 25 22 10  9  3  9
 36  0 31  3 13 34 47 40  7 26 44 43 34 27 29 22  2  2 35 -1 17 19 17 20
 13 46 -1 44 36 23 37  9 28 14 36 -1  5  9 35 21  8 46  5 -1 26 41 12  1
 13 34 27  9 17 23  6 17 13 14 28 34 36 19 10 45 17 34 36 44 23 46  9 17
 23  6 25 25  9 30  3 41 34 35  6 46  3 43 16 14 30  6 17 26 26 14 32  8
 41  1  1 20  6  2 31 31 41 10 12 17 44 17 -1  3  6 22  3 11  3  3 15 22
 48 43 42 10 20 35 17 32 14 17 44 45  0  2 -1 42 34 22 33  3  5 15  9 25
  9 13 25 19 33 22 41 45 37 17 15  6 46 17  3 21 47 11 44 22 25 26 10 27
 26 42  9 -1 19 26  2 25 42  7  7 27 13 47  3  0 31 31 46 29 15 40 17 10
 10 36 44  0 24 17 45  1 42 19 23 26 41 46 36 47 28 47  3 30 17  6  3 41
 26 34 35 -1 17 45  5 45  6 12 43 13 47 14 23 -1  4 35  2  1  9  8 22  5
  3 28 35 22 36 44 45 15 18 24 22 31 17  6 19 13 10  1 12  7  5 45 -1 22
 45 46  9 32  1  9 46 46 23 17 44  3 35 27 39 39 19 46 17  7 36  2 17  0
 17  3 36  1 35 46 46  1 41  4 40 26 42  4 37 28 39 19  3  5 -1 22  5 20
 47 -1 23 44 17 26 33 21 17 34  0  1 11 36 18  2]"
dbscan,7,,,,,0.029004224270937514,10,0.0,cosine,5,0.8982446927374301,0.2661799533648013,4.0,chebyshev,0.927625603463215,0.0,"[0 1 1 1 1 2 1 1 0 1 3 0 1 1 1 1 0 1 3 0 1 3 4 1 4 1 4 1 1 0 1 1 0 1 3 1 5
 1 1 1 1 5 0 2 5 1 0 0 5 1 1 4 6 5 1 1 1 1 1 3 0 3 1 0 5 2 1 5 0 1 5 1 0 2
 2 1 0 6 4 1 6 1 1 1 5 1 1 0 6 0 2 1 1 1 1 3 6 0 1 4 1 1 5 1 1 6 1 3 1 1 3
 1 1 1 1 1 0 1 1 1 1 1 1 4 5 1 1 1 5 1 1 1 5 1 1 5 2 1 1 0 1 0 0 1 1 0 0 1
 1 1 1 0 6 0 2 3 2 1 6 1 1 0 2 1 2 5 6 1 3 1 1 5 4 0 1 3 5 6 5 2 6 1 5 1 5
 0 3 1 1 6 1 5 5 4 1 1 1 1 3 5 3 1 1 4 3 0 2 2 2 1 1 2 1 0 3 1 1 4 2 5 1 1
 5 3 0 4 6 5 0 1 5 1 3 1 1 5 0 1 6 1 1 1 1 0 1 1 0 1 1 1 0 1 1 1 1 1 0 1 1
 0 1 1 3 3 1 4 1 3 0 6 0 1 1 1 0 6 6 0 1 0 0 5 0 0 3 1 5 0 1 2 0 1 0 6 0 1
 2 1 3 0 1 1 1 3 1 1 0 3 5 1 2 1 1 5 2 5 3 1 1 5 1 1 0 1 1 1 0 1 1 5 4 1 1
 0 3 1 1 4 2 1 6 0 6 1 0 1 1 1 6 2 1 1 1 2 1 1 3 1 0 0 1 0 1 4 5 1 1 1 6 1
 5 5 1 1 0 1 3 0 1 1 0 3 6 6 3 1 1 5 1 2 5 1 5 1 3 3 5 1 1 1 0 1 0 2 3 1 6
 2 6 5 1 1 0 5 1 1 5 6 2 4 0 2 5 4 1 5 1 5 1 6 1 5 5 1 3 1 6 0 6 0 5 0 1 1
 2 1 1 6 0 0 1 1 4 6 1 5 1 1 1 1 1 1 6 2 1 1 1 1 4 1 0 2 5 0 3 1 5 0 6 1 1
 0 5 2 1 5 3 0 3 1 5 4 1 5 5 1 1 0 0 1 4 1 0 1 1 5 0 0 0 2 0 1 1 1 0 1 0 1
 1 1 1 3 4 2 1 5 2 6 1 0 1 1 1 1 0 1 2 4 1 1 1 5 5 0 3 0 4 1 6 0 0 1 5 1 4
 1 3 0 3 5 3 1 4 6 5 1 1 1 6 0 6 1 1 5 1 0 1 0 5 1 3 1 1 1 1 1 0 6 1 3 5 1
 1 1 1 1 2 3 2 6 4 5 1 0 1 1 4 1 0 5 2 3 1 3 6 1 1 3 1 1 1 1 3 0 1 1 0 1 6
 1 5 1 6 6 1 1 0 3 3 1 1 0 0 0 1 1 1 1 5 1 6 1 3 2 1 0 5 3 4 1 1 1 0 1 1 1
 5 1 5 0 1 0 6 0 6 1 1 1 4 1 0 2 3 6 1 5 0 1 1 1 2 5 0 1 5 1 1 5 2 3 6 5 1
 0 1 4 6 1 1 0 2 1 0 1 1 5 2 1 3 1 1 1 5 0 3 5 1 3 1 0 1 1 6 1 5 5 6 1 3 3
 5 0 0 3 5 1 5 5 0 5 1 1 1 2 1 0 1 6 1 3 5 1 1 2 2 4 1 3 1 1 1 1 1 1 6 2 1
 1 3 6 3 3 3 1 1 1 1 1 1 1 0 1 1 6 6 1 1 2 6 1 3 3 3 5 0 1 1 2 1 1 0 1 1 0
 0 1 0 1 5 1 0 1 1 5 1 3 0 1 5 6 1 1 4 1 3 1 1 2 5 5 2 6 0 5 1 2 1 5 2 0 0
 5 1 4 1 0 6 2 5 0 0 1 0 5 1 6 3 0 1 6 5 1 2 1 5 2 1 5 6 4 1 4 1 5 3 1 1 1
 2 1 2 5 3 5 1 5 1 3 6 1 4 3 5 1 1 2 1 1 0 3 1 1 1 1 2 1 6 3 5 0 4 1 1 6 0
 1 1 1 1 1 3 0 1 5 0 1 0 0 0 1 1 0 0 0 5 3 3 1 2 5 1 1 1 0 0 0 3 1 6 0 1 1
 6 1 2 0 5 1 1 1 1 2 6 1 1 1 1 1 1 1 1 1 1 1 5 5 5 3 6 2 0 1 1 1 0 1 1 6 4
 1]"
dbscan,86,,,,,0.009881067492758501,10,0.0,euclidean,5,0.9994979177247334,0.24337343916672172,5.0,euclidean,0.7228503441206184,0.003,"[ 0  1  2  3  4  5  6  7  8  7  9 10 11 12 13 14  9 15 16 17 18 19 20 21
 20 22 20 12 23 24 25  7  0 14 19 26 27 28 28  1 29 30  0 31 32 33 24 17
 34 18 35 36 37 27 38 12 25 39 21 40 41  9 42 10 32 31 12 43 44 42 43 12
 44 45 46 22 47 48 36 28 49 29 12  1 22 50 29 51 52 17 46 12 15  1 35  9
 53 54 22 36 11  7 22 15 42 55  1 56 21 57 16 58  3 29 39  7 59  2 39 60
  6 61 42 20 27 62  1 13 43 38 26  3 22 42 29 34 46 57 28 41 57 54 22 25
 14 63  0 64  2 28 65 56  5 41 46  9 66 43 48 62 21 47 46 62 67 68 37 15
  9 21 15 69 36 59 64 70 43 48 71 46 48 35 43 29 30 71  9 72 38 48 73 71
 32 36  1  7  2 29 70 27 40 11 28 36  9 22 46 67 37 50 28 46 -1 54 16 74
 72 36  5 43 13 65 71 19 63 75 37 71 63 74 69 76 19 77 15 34 24 64 37 38
 42 78 78 41 74 18 59  3 50  7 41 62 21 42 60 72 24 28 57  8  4 25  9 16
 15 79 21 40 59 52  0 13 23 65 44 37 49 51 25 54 54 71 17 54 56  1 32 10
 77 67 24 13  8 49  8 72  5 18  9 17 74 13 11 19 65 76 40 19 27 50 67 18
  1 27 31 32 40 18 77 34 13 57  8 28  6 57 41 15 62 27 79 42 15 63 80 50
  1 79 31 61 55 24 49 26 10 14 50 15 53 81 65 42 60 67 60 35 70 18 17 47
 21 22 38 75 34 58 78 62  5 29 71 32 35 38 41 60  9 41 65 12  0 56 49 53
 75 33 21 71 15 66 22  1 34 15 70  9 68  4  3 11 17 28 41 46 80 42 81 46
 48 82 64 38 41 69  1 61 71 48 31 79  8 46 68 20 57 71  4 34  6 49 21 68
 71  1 19 62 37 63 83 24 68 24 26 77 46  2 42 48 41 84 60  4 79 81 15 34
 62 23  1  6  6  1 83 31 33  6 35 42 79 73  8 46 34  8 19 21 22 44 52 73
 78 44 27 45 15 34  9 63 70 61 43 20 39 22 27  7 39 54 51  7 75  6  0 29
 39 22 63 54  8 46 54 29 29 29 47  1  8  7  1 25 29 56 20  5 30 43 45 37
 76  0 26 28  1 61 27 68 67 75 35 61 74 32 22 24 80 47 36  1 66 17 24 65
 22  3 79 64 19 54 70 27  9 28 20 81 71 38 60 42 53 51 81  7  4 43 29 43
 14 63 32 26 40 26 21 25 62 25 10 55 76 80 68 38 61 72 72 60 46 84 81 55
 20 69 42 10 33 22 36 25  0 34 46 19 77 16 52 76  3  9 42 65  1 22 84 -1
 21  6 17 60 53  6 32 71 53 45 33 57 63  9 56 62  4 19 54 63 62 73  3  6
 68 58 66 12 19 67 21 84 82 40 20 39 77 39 54  6 35 39 43 26 22 51 12 51
 53 44 66 12 15 42 79 62 63 31 84 66 42 32 54 65  2  2  5 71 19 21 40 23
 15 71 46 84 48 68 50 51 33 75 53 28  6 51 67 25  9 71  6 27 31 64  9  1
 15 61 32 51 19 68 14 82 77 75 33 61 52 21 22 71 55 61 48 84 68 85 51 82
 27  7 43 43 10 34 29 64 61 45  7 85 12 66 18 16 27  7 82 46 46 75 38  9
 64  1  1 23 14 74 37 49 64 22  9 83 70 19 56 29  7 57 29 78 12 12 17 26
 42 66 81 11 23 67 55 38 75 40 80 71  0  2 62  5 42 65 41 29  6 59 24 30
 10 15 43 21 41 26 64 71 50 19 17 14 71 83 29 25 79 13 80 57 43 31 22 32
 31  5 51 27 21 31  2 30  5  8  8 32 15 79 12 47 49 49 71 54 17 62 19 22
 22 48 80  0 28 55 71  1  5 21 68 31 64 71 48 79 33 79 12 27 19  7 12 64
 46 42 67 32 82 71  6 71 73  9 66 15 79 16 27 72  4 45  2  1 51  9 65  6
  3 -1 67 65 48 80 71 17 36 28 26 37 19  7 21 15 11  1  9 63  6 69 54 26
 71 71 24 38  1 10 85 85 27 19 70 29 67 32 60 60 21 85 19 63 53 76 83 47
 55  3 48  1 67 71 71  1 64  4 62 46 81  4 50 33 60 21 29 72 58 65 72 23
 79 71 68 80 55 46 41 25 82 42 47  1 78 48 20 74]"
dbscan,7,,,,,0.025124563997532982,25,0.0,cosine,5,0.9052250311850312,0.3542718527071288,5.0,chebyshev,0.9318507992924853,0.0,"[0 1 1 1 1 2 1 1 0 1 3 0 1 1 1 1 0 1 3 0 1 3 4 1 4 1 4 1 1 0 1 1 0 1 3 1 5
 1 1 1 1 5 0 2 5 1 0 0 5 1 1 4 6 5 1 1 1 1 1 3 0 3 1 0 5 2 1 5 0 1 5 1 0 2
 2 1 0 6 4 1 6 1 1 1 5 1 1 0 6 0 2 1 1 1 1 3 6 0 1 4 1 1 5 1 1 6 1 3 1 1 3
 1 1 1 1 1 0 1 1 1 1 1 1 4 5 1 1 1 5 1 1 1 5 1 1 5 2 1 1 0 1 0 0 1 1 0 0 1
 1 1 1 0 6 0 2 3 2 5 6 1 1 0 2 1 2 5 6 1 3 1 1 5 4 0 1 3 5 6 5 2 6 1 5 1 5
 0 3 1 1 6 1 5 5 4 1 1 1 1 3 5 3 1 1 4 3 0 2 2 2 1 1 2 1 0 3 1 1 4 2 5 1 1
 5 3 0 4 6 5 0 1 5 1 3 1 1 5 0 1 6 1 1 1 1 0 1 1 0 1 1 1 0 1 1 1 1 1 0 1 1
 0 1 1 3 3 1 4 1 3 0 6 0 1 1 1 0 6 6 0 1 0 0 5 0 0 3 1 5 0 1 2 0 1 0 6 0 1
 2 1 3 0 1 1 1 3 1 1 0 3 5 1 2 1 1 5 2 5 3 1 1 5 1 1 0 1 1 1 0 1 1 5 4 1 1
 0 3 1 1 4 2 1 6 0 6 1 0 1 1 1 6 2 1 1 1 2 1 1 3 1 0 0 1 0 1 4 5 1 1 1 6 1
 5 5 1 1 0 1 3 0 1 1 0 3 6 6 3 1 1 5 1 2 5 1 5 1 3 3 5 1 1 1 0 1 0 2 3 1 6
 2 6 5 1 1 0 5 1 1 5 6 2 4 0 2 5 4 1 5 1 5 1 6 1 5 5 1 3 1 6 0 6 0 5 0 1 1
 2 1 1 6 0 0 1 1 4 6 1 5 1 1 1 1 1 1 6 2 1 1 1 1 4 1 0 2 5 0 3 1 5 0 6 1 1
 0 5 2 1 5 3 0 3 1 5 4 1 5 5 1 1 0 0 1 4 1 0 1 1 5 0 0 0 2 0 1 1 1 0 1 0 1
 1 1 1 3 4 2 1 5 2 6 1 0 1 1 1 1 0 5 2 4 1 1 1 5 5 0 3 0 4 1 6 0 0 1 5 1 4
 1 3 0 3 5 3 1 4 6 5 1 1 1 6 0 6 1 1 5 1 0 1 0 5 1 3 1 1 1 1 1 0 6 1 3 5 1
 1 1 1 1 2 3 2 6 4 5 1 0 1 1 4 1 0 5 2 3 1 3 6 1 1 3 1 1 1 5 3 0 1 1 0 1 6
 1 5 1 6 6 1 1 0 3 3 1 1 0 0 0 1 1 1 1 5 1 6 1 3 2 1 0 5 3 4 1 1 1 0 1 1 1
 5 1 5 0 1 0 6 0 6 1 1 1 4 1 0 2 3 6 1 5 0 1 1 1 2 5 0 1 5 1 1 5 2 3 6 5 1
 0 1 4 6 1 1 0 2 1 0 1 1 5 2 1 3 1 1 1 5 0 3 5 1 3 1 0 1 1 6 1 5 5 6 1 3 3
 5 0 0 3 5 1 5 5 0 5 1 1 1 2 1 0 1 6 1 3 5 1 3 2 2 4 1 3 1 1 1 1 1 1 6 2 1
 1 3 6 3 3 3 1 1 1 1 1 1 1 0 1 1 6 6 1 1 2 6 1 3 3 3 5 0 1 1 2 1 1 0 1 1 0
 0 1 0 1 5 1 0 1 1 5 1 3 0 1 5 6 1 1 4 1 3 1 1 2 5 5 2 6 0 5 1 2 1 5 2 0 0
 5 1 4 1 0 6 2 5 0 0 1 0 5 1 6 3 0 1 6 5 1 2 1 5 2 1 5 6 4 1 4 1 5 3 1 1 1
 2 1 2 5 3 5 1 5 1 3 6 1 4 3 5 1 1 2 1 1 0 3 1 1 1 1 2 1 6 3 5 0 4 1 1 6 0
 1 1 1 1 1 3 0 1 5 0 1 0 0 0 1 1 0 0 0 5 3 3 1 2 5 1 1 1 0 0 0 3 1 6 0 1 1
 6 1 2 0 5 1 1 1 1 2 6 1 1 1 1 1 1 1 1 1 1 1 5 5 5 3 6 2 0 1 1 1 0 1 1 6 4
 1]"
dbscan,44,,,,,0.012746157623452855,25,0.0,euclidean,5,0.9991126403326404,0.2897430505046285,5.0,euclidean,0.6445904782653712,0.001,"[ 0  1  2  3  4  5  6  7  8  7  9 10 11  3 12  7  9  6 13 14 15 16 17 18
 17 19 17  3 20 21 15  7  0  7 16 12 22 23 23  1  3 24  0 25 26 27 21 14
 22 15 20 28 29 22 30  3 15 31 18 16 14  9 32 10 26 25  3 24 33 32 24  3
 33  5 25 19 33 34 28 23 29  3  3  1 19 35  3 10 36 14 25  3  6  1 20  9
 36 21 19 28 11  7 19  6 32 37  1 13 18 12 13 35  3  3 31  7 14  2 31 38
  6 39 32 17 22 11  1 12 24 30 12  3 19 32  3 22 25 12 23 14 12 21 19 15
  7  8  0 38  2 23 12 13  5 14 25  9 40 24 34 11 18 33 25 11  5 22 29  6
  9 18  6 41 28 14 38 13 24 34 41 25 34 20 24  3 24 42  9  6 30 34  7 41
 26 28  1  7  2  3 13 22 16 11 23 28  9 19 25  5 29 35 23 25 -1 21 13  2
  6 28  5 24 12 12 42 16  8 13 40 41  8  2 41  4 16  6  6 22 21 38 29 30
 32 12 12 14  2 15 14  3 35  7 14 11 18 32 38  6 21 23 12  8  4 15  9 13
  6 28 18 16 14 36  0 12 20 12 33 29 29 10 15 21 21 41 14 21 13  1 26 10
  6  5 21 12  8 29  8  6  5 15  9 14  2 12 11 16 12  4 16 16 22 35  5 15
  1 22 25 26 16 15  6 22 12 12  8 23  6 12 14  6 11 22 28 32  6  8 13 35
  1 28 25 39 37 21 29 12 10  7 35  6 36 43 12 32 38  5 38 20 13 15 14 33
 18 19 30 13 22 35 12 11  5  3 41 26 20 35 14 38  9 14 12  3  0 13 29 36
 13 27 18 42  6 40 19  1 22  6 13  9 22  4  3 11 14 23 14 25 13 32 43 25
 34 16 38 30 14 41  1 39 41 34 25 28  8 25 22 17 12 42  4 22  6 29 18 22
 42  1 16 11 29  8 37 21 22 21 12  6 25  2 32 34 14 13 38  4 28 43  6 22
 11 20  1  6  6  1 37 25 27  6 20 32 28  7  8 25 22  8 16 18 19 33 36  7
 12 33 22  5  6 22  9  8 13 39 24 17 31 19 22  7 31 21 10  7 13  6  0  3
 31 19  8 21  8 25 21  3  3  3 33  1  8  7  1 15  3 13 17  5 24 24  5 29
  4  0 12 23  1 39 22 22  5 13 20 39  2 26 19 21 13 33 28  1 40 14 21 12
 19  3 28 38 16 21 13 22  9 23 17 43 42 30 38 32 36 10 43  7  4 24  3 24
  7  8 26 12 16 12 18 15 11 15 10 37  4 13 22 30 39  6  6 38 25 13 43 37
 17 41 32 10 27 19 28 15  0 22 25 16  6 13 36  4  3  9 32 12  1 19 13  8
 18  6 14 38 36  6 26 42 36  5 27 12  8  9 13 11  4 16 21  8 11  7  3  6
 22 35 40  3 16  5 18 13 16 16 17 31  6 31 21  6 20 31 24 12 19 10  3 10
 36 33 40  3  6 32 28 11  8 25 13 40 32 26 21 12  2  2  5 41 16 18 16 20
  6 42 25 13 34 22 35 10 27 13 36 23  6 10  5 15  9 42  6 22 25 38  9  1
  6 39 26 10 16 22  7 16  6 13 27 39 36 18 19 41 37 39 34 13 22 42 10 16
 22  7 24 24 10 22  3 38 39  5  7 42  3 40 15 13 22  7 16 25 25 13 30  9
 38  1  1 20  7  2 29 29 38 19  9 37 13 16 13  3  7 12  3 12  3  3 14 12
 32 40 43 11 20  5 37 30 13 16 13 41  0  2 11  5 32 12 14  3  6 14 21 24
 10  6 24 18 14 12 38 41 35 16 14  7 42 37  3 15 28 12 13 12 24 25 19 26
 25  5 10 22 18 25  2 24  5  8  8 26  6 28  3 33 29 29 42 21 14 11 16 19
 19 34 13  0 23 37 41  1  5 18 22 25 38 42 34 28 27 28  3 22 16  7  3 38
 25 32  5 26 16 41  6 41  7  9 40  6 28 13 22  6  4  5  2  1 10  9 12  6
  3 27  5 12 34 13 41 14 28 23 12 29 16  7 18  6 11  1  9  8  6 41 21 12
 41 42 21 30  1 10 42 42 22 16 13  3  5 26 38 38 18 42 16  8 36  4 37 33
 37  3 34  1  5 42 42  1 38  4 11 25 43  4 35 27 38 18  3  6 35 12  6 20
 28 41 22 13 37 25 14 15 16 32 33  1 12 34 17  2]"
dbscan,5,,,,,0.029828703956827556,50,0.0,cosine,5,0.8990470308274743,0.43206442927904065,5.0,chebyshev,0.9468210640848225,0.006,"[ 0  1  1  1  1  2  1  1  0  1  0  0  1  1  1  1  0  1  0  0  1  0  3  1
  3  1  3  1  1  0  1  1  0  1  0  1  4  1  1  1  1  4  0  2  4  1  0  0
  4  1  1  3  2  4  1  1  1  1  1  0  0  0  1  0  4  2  1  4  0  1  4  1
  0  2  2  1  0  2  3  1  2  1  1  1  4  1  1  0  2  0  2  1  1  1  1  0
  2  0  1  3  1  1  4  1  1  2  1  0  1  1  0  1  1  1  1  1  0  1  1  1
  1  1  1  3  4  1  1  1  4  1  1  1  4  1  1  4  2  1  1  0  1  0  0  1
  1  0  0  1  1  1  1  0  2  0  2  0  2  4  2  1  1  0  2  1  2  4  2  1
  0  1  1  4  3  0  1  0  4  2  4  2  2  1  4  1  4  0  0  1  1  2  1  4
  4  3  1  1  1  1  0  4  0  1  1  3  0  0  2  2  2  1  1  2  1  0  0  1
  1  3  2  4  1  1  4  0  0  3  2  4  0  1  4  1  0  1  1  4  0  1  2  1
  1  1  1  0  1  1  0  1  1  1  0  1  1  1  1  1  0  1  1  0  1  1  0  0
  1  3  1  0  0  2  0  1  1  1  0  2  2  0  1  0  0  4  0  0  0  1  4  0
  1  2  0  1  0  2  0  1  2  1  0  0  1  1  1  0  1  1  0  0  4  1  2  1
  1  4  2  4  0  1  1  4  1  1  0  1  1  1  0  1  1  4  3  1  1  0  0  1
  1  3  2  1  2  0  2  1  0  1  1  1  2  2  1  1  1  2  1  1  0  1  0  0
  1  0  1  3  4  1  1  1  2  1  4  4  1  1  0  1  0  0  1  1  0  0  2  2
  0  1  1  4  1  2  4  1  4  1  0  0  4  1  1  1  0  1  0  2  0  1  2  2
  2  0  1  1  0  4  1  1  4  2  2  3  0  2  4  3  1  4  1  4  1  2  1  4
  4  1  0  1  2  0  2  0  4  0  1  1  2  1  1  2  0  0  1  1  3  2  1  4
  1  1  1  1  1  1  2  2  1  1  1  1  3  1  0  2  4  0  0  1  4  0  2  1
  1  0  4  2  1  4  0  0  0  1  4  3  1  4  4  1  1  0  0  1  3  1  0  1
  1  4  0  0  0  2  0  1  1  1  0  1  0  1  1  1  1  0  3  2 -1  4  2  2
  1  0  1  1  1  1  0  4  2  3  1  1  1  4  4  0  0  0  3  1  2  0  0  1
  4  1  3  1  0  0  0  4  0  1  3  2  4  1  1  1  2  0  2  1  1  4  1  0
  1  0  4  1  0  1  1  1  1  1  0  2  1  0  4  1  1  1  1  1  2  0  2  2
  3  4  1  0  1 -1  3  1  0  0  2  0  1  0  2  1  1  0  1  1  1  4  0  0
  1  1  0  1  2  1  4  1  2  2  1  1  0  0  0  1  1  0  0  0  1  1  1  1
  4  1  2  1  0  2  1  0  4  0  3  1  1  1  0  1  1  1  4  1  4  0  1  0
  2  0  2  1  1  1  3  1  0  2  0  2  1  4  0  1  1  1  2  4  0  1  0  1
  1  4  2  0  2  4  1  0  1  3  2  1  1  0  2  1  0  1  1  4  2  1  0  1
  1  1  4  0  0  4  1  0  1  0  1  1  2  1  4  4  2  1  0  0  4  0  0  0
  4  1  4  4  0  4  1  1  1  2  1  0  1  2  1  0  4  1  0  2  2  3  1  0
  1  1  1  1  1  1  2  2  1  1  0  2  0  0  0  1  1  1  1  1  1  1  0  1
  1  2  2  1  1  2  2  1  0  0  0  4  0  1  1  2  1  1  0  1  1  0  0  1
  0  1  4  1  0  1  1  4  1  0  0  1  4  2  1  1  3  1  0  1  1  2  4  4
  2  2  0  4  1  2  1  4  2  0  0  4  1  3  1  0  2  2  4  0  0  1  0  4
  1  2  0  0  1  2  4  1  2  1  4  2  1  4  2  3  1  3  1  4  0  1  1  1
  2  1  2  4  0  4  1  4  1  0  2  1  3  0  4  1  1  2  1  1  0  0  1  1
  1  1  2  1  2  0  4  0  3  1  1  2  0  1  1  1  1  1  0  0  1  4  0  1
  0  0  0  1  1  0  0  0  4  0  0  1  2  4  1  1  1  0  0  0  0  1  2  0
 -1  1  2  1  2  0  4  1  1  1  1  2  2  1  1  1  1 -1  1  1  1  1  1  1
  4  4  4  0  2  2  0  1 -1 -1  0  1  1  2  3  1]"
dbscan,48,,,,,0.013563388073868615,50,0.0,euclidean,5,0.9988743753380206,0.2107362463528979,5.0,euclidean,0.6787161772925193,0.01,"[ 0  1  2  3  4  5  6  7  8  7  9 10 11  3 12  7 13 14 15 16 17 18 19 20
 19 11 19  3 21 -1 22  7  0  7 18 23 24 20 20  1  3 25  0 26 27 28 29 16
 30 17 21 37 31 30 32  3 22 33 20 18 34  9 35 10 27 26  3 25  0 35 25  3
  0  5 26 11  0 36 37 20 31  3  3  1 11 38  3 10 36 16 26  3 14  1 21  9
 36 29 11 37 11  7 11 14 35 18  1 15 20 39 15 38  3  3 33  7 34  2 33 40
  6 41 35 19 24 42  1 -1 25 32 23  3 11 35  3 30 26 39 20 34 39 29 11 22
  7 -1  0 43  2 20 39 15  5 34 26 13 31 25 36 42 20  0 26 42  5 24 31 14
 13 20 14 44 37 34 43 15 25 36 44 26 36 21 25  3 25 45 -1  6 32 36  7 44
 27 37  1  7  2  3 15 30 18 11 20 37  9 11 26  5 31 38 20 26  3 29 15  2
  6 37  5 25 12 39 45 18 46 15 31 44 46  2 44  4 18 14 14 30 10 43 31 32
 35 12 12 -1  2 17 34  3 38  7 34 42 20 35 40  6 10 20 39  8  4 22  9 15
 14 47 20 18 34 36  0 12 21 39  0 31 31 10 22 29 29 44 16 29 15  1 27 10
 14  5 10 12  8 31  8 -1  5 17  9 16  2 12 11 18 39  4 18 18 24 38  5 17
  1 30 26 27 18 17 14 30 12 39  8 20  6 39 34 14 42 24 47 35 14 46 15 38
  1 47 26 41 18 10 31 23 10  7 38 14 36  5 39 35 40  5 40 21 15 17 16  0
 20 11 32 15 30 38 12 42  5  3 44 27 21 32 34 40  9 34 39  3  0 15 31 36
 15 28 20 45 14 31 11  1 30 14 15  9 24  4  3 11 16 20 34 26 15 35  5 -1
 36 18 43 32 34 44  1 41 44 36 26 47  8 26 24 19 39 45  4 30  6 31 20 24
 45  1 18 42 31 46 18 10 24 10 23 14 26  2 35 36 34 15 40  4 47  5 14 30
 42 21  1  6  6  1 18 26 28  6 21 35 47  7  8 26 30  8 18 20 11  0 36  7
 12  0 24  5 14 30 13 46 15 41 25 19 33 11 30  7 33 29 10  7 15  6  0  3
 33 11 46 29 46 26 29  3  3  3  0  1  8  7  1 22  3 15 19  5 25 25  5 31
  4  0 23 20  1 41 30 24  5 15 21 41  2 27 11 10 15  0 37  1 31 16 10 39
 11  3 47 43 18 29 15 30 13 20 19  5 45 32 40 35 36 10  5  7  4 25  3 25
  7 46 27 23 18 23 20 22 42 22 10 18  4 15 24 32 41  6  6 40 26 15  5 18
 19 44 35 10 28 11 37 22  0 30 26 18 14 15 36  4  3  9 35 39  1 11 15 46
 20  6 16 40 36  6 27 45 36  5 28 39 46 13 15 42  4 18 29 46 42  7  3  6
 24 38 31  3 18  5 20 15 18 18 19 33 14 33 29  6 21 33 25 23 11 10  3 10
 36  0 31  3 14 35 47 42 46 26 15 31 35 27 29 39  2  2  5 -1 18 20 18 21
 14 45 26 15 36 24 38 10 28 15 36 20  6 10  5 22  9 45  6 30 26 43 13  1
 14 41 27 10 18 24  7 18 14 15 28 41 36 20 11 44 18 41 36 15 24 45 10 18
 24  7 25 25 10 30  3 43 41  5  7 45  3 31 17 15 30  7 18 26 26 15 32  9
 43  1  1 21  7  2 31 31 43 11 13 18 15 18 15  3  7 39  3 12  3  3 16 23
 35 31  5 11 21  5 18 32 15 18 15 44  0  2 42  5 35 39 34  3  6 34 10 25
 10 14 25 20 34 23 40 44 38 18 16  7 45 18  3 22 47 12 15 39 25 26 11 27
 26  5 10 30 20 26  2 25  5  8  8 27 14 47  3  0 31 31 45 29 16 42 18 11
 11 36 15  0 20 18 44  1  5 20 24 26 43 45 36 47 28 47  3 30 18  7  3 43
 26 35  5 27 18 44  6 44  7 13 31 14 47 15 24 -1  4  5  2  1 10  9 39  6
  3 28  5 39 36 15 44 16 37 20 23 31 18  7 20 14 11  1 13 46  6 44 29 23
 44 45 10 32  1 10 45 45 24 18 15  3  5 27 40 40 20 45 18 46 36  4 18  0
 18  3 36  1  5 45 45  1 43  4 42 26  5  4 38 28 40 20  3  6 38 39  6 21
 47 -1 24 15 18 26 34 22 18 35  0  1 12 36 19  2]"
dbscan,5,,,,,0.027438026045911713,100,0.0,cosine,5,0.8937035197174809,0.6641246418264027,5.0,euclidean,0.9658106336610682,0.008,"[ 0  1  1  1  1  2  1  1  0  1  0  0  1  1  1  1  0  1  0  0  1  0  3  1
  3  1  3  1  1  0  1  1  0  1  0  1  4  1  1  1  1  4  0  2  4  1  0  0
  4  1  1  3  2  4  1  1  1  1  1  0  0  0  1  0  4  2  1  4  0  1  4  1
  0  2  2  1  0  2  3  1  2  1  1  1  4  1  1  0  2  0  2  1  1  1  1  0
  2  0  1  3  1  1  4  1  1  2  1  0  1  1  0  1  1  1  1  1  0  1  1  1
  1  1  1  3  4 -1  1  1  4  1  1  1  4  1  1  4  2  1  1  0  1  0  0  1
  1  0  0  1  1  1  1  0  2  0  2  0  2  4  2  1  1  0  2  1  2  4  2  1
  0  1  1  4  3  0  1  0  4  2  4  2  2  1  4  1  4  0  0  1  1  2  1  4
  4  3  1  1  1  1  0  4  0  1  1  3  0  0  2  2  2  1  1  2  1  0  0  1
  1  3  2  4  1  1  4  0  0  3  2  4  0  1  4  1  0  1  1  4  0  1  2  1
  1  1  1  0  1  1  0  1  1  1  0  1  1  1  1  1  0  1  1  0  1  1  0  0
  1  3  1  0  0  2  0  1  1  1  0  2  2  0 -1  0  0  4  0  0  0  1  4  0
  1  2  0  1  0  2  0  1  2  1  0  0  1  1  1  0  1  1  0  0  4  1  2  1
  1  4  2  4  0  1  1  4  1  1  0  1  1  1  0  1  1  4  3  1  1  0  0  1
  1  3  2  1  2  0  2  1  0  1  1  1  2  2  1  1  1  2  1  1  0  1  0  0
  1  0  1  3  4  1  1  1  2  1  4  4  1  1  0  1  0  0  1  1  0  0  2  2
  0  1  1  4  1  2  4  1  4  1  0  0  4  1  1  1  0  1  0  2  0  1  2  2
  2  0  1  1  0  4  1  1  4  2  2  3  0  2  4  3  1  4  1  4  1  2  1  4
  4  1  0  1  2  0  2  0  4  0  1  1  2  1  1  2  0  0  1  1  3  2  1  4
  1  1  1  1  1  1  2  2  1  1  1  1  3  1  0  2  4  0  0  1  4  0  2  1
  1  0  4  2  1  4  0  0  0  1  4  3  1  4  4  1  1  0  0  1  3  1  0  1
  1  4  0  0  0  2  0  1  1  1  0  1  0  1  1  1  1  0  3  2  4  4  2  2
  1  0  1  1  1  1  0  4  2  3  1  1  1  4  4  0  0  0  3  1  2  0  0  1
  4  1  3  1  0  0  0  4  0  1  3  2  4  1  1  1  2  0  2  1  1  4  1  0
  1  0  4  1  0  1  1  1  1  1  0  2  1  0  4  1  1  1  1  1  2  0  2  2
  3  4  1  0  1 -1  3  1  0  4  2  0  1  0  2  1  1  0  1  1  1  4  0  0
  1  1  0  1  2  1  4 -1  2  2  1  1  0  0  0  1  1  0  0  0  1  1  1  1
  4  1  2  1  0  2  1  0  4  0  3  1  1  1  0  1  1  1  4  1  4  0  1  0
  2  0  2  1  1  1  3  1  0  2  0  2  1  4  0  1  1  1  2  4  0  1  0  1
  1  4  2  0  2  4  1  0  1  3  2  1  1  0  2  1  0  1  1  4  2  1  0  1
  1  1  4  0  0  4  1  0  1  0  1  1  2  1  4  4  2  1  0  0  4  0  0  0
  4  1  4  4  0  4  1  1  1  2  1  0  1  2  1  0  4  1  0  2  2  3  1  0
  1  1  1  1  1  1  2  2  1  1  0  2  0  0  0  1  1  1  1  1  1  1  0  1
  1  2  2  1  1  2  2  1  0  0  0  4  0  1  1  2  1  1  0  1  1  0  0  1
  0  1  4  1  0  1  1  4  1  0  0  1  4  2  1  1  3  1  0  1  1  2  4  4
  2  2  0  4  1  2  1  4  2  0  0  4  1  3  1  0  2  2  4  0  0  1  0  4
  1  2  0  0  1  2  4  1  2  1  4  2  1  4  2  3  1  3  1  4  0  1  1  1
  2  1  2  4  0  4  1  4  1  0  2  1  3  0  4  1  1  2  1  1  0  0  1  1
  1  1  2  1  2  0  4  0  3  1  1  2  0  1  1  1  1  1  0  0  1  4  0  1
  0  0  0  1  1  0  0  0  4  0  0  1  2  4  1  1  1  0  0  0  0  1  2  0
 -1  1  2  1  2  0  4  1  1  1  1  2  2  1  1  1  1 -1  1  1  1  1  1  1
  4  4  4  0  2  2  0  1 -1 -1  0  1  1  2  3  1]"
dbscan,15,,,,,0.015994393890720705,100,0.0,euclidean,5,0.9985818834608593,0.2965353586838601,5.0,chebyshev,0.6964188377575146,0.0,"[ 0  1  2  3  2  4  1  5  6  5  7  0  8  3  1  5  7  1  7  0  8  7  9 10
  9  8  9  3  1  0  8  5  0  5  7  1  6 10 10  1  3 11  0  4 12 13  0  0
  6  8  1  9  4  6  8  3  8  2 10  7  0  7  5  0 12  4  3 11  0  5 11  3
  0  4  4  8  0 14  9 10  4  3  3  1  8  8  3  0 14  0  4  3  1  1  1  7
 14  0  8  9  8  5  8  1  5  7  1  7 10  1  7  8  3  3  2  5  0  2  2  1
  1  2  5  9  6  8  1  1 11  8  1  3  8  5  3  6  4  1 10  0  1  0  8  8
  5  6  0  1  2 10  1  7  4  0  4  7  4 11 14  8 10  0  4  8  4  6  4  1
  7 10  1  6  9  0  1  7 11 14  6  4 14  1 11  3 11  6  7  1  8 14  5  6
 12  9  1  5  2  3  7  6  7  8 10  9  7  8  4  4  4  8 10  4  3  0  7  2
  1  9  4 11  1  1  6  7  6  7  4  6  6  2  6  2  7  1  1  6  0  1  4  8
  5  1  1  0  2  8  0  3  8  5  0  8 10  5  1  1  0 10  1  6  2  8  7  7
  1  9 10  7  0 14  0  1  1  1  0  4  4  0  8  0  0  6  0  0  7  1 12  0
  1  4  0  1  6  4  6  1  4  8  7  0  2  1  8  7  1  2  7  7  6  8  4  8
  1  6  4 12  7  8  1  6  1  1  6 10  1  1  0  1  8  6  9  5  1  6  7  8
  1  9  4  2  7  0  4  1  0  5  8  1 14  4  1  5  1  4  1  1  7  8  0  0
 10  8  8  7  6  8  1  8  4  3  6 12  1  8  0  1  7  0  1  3  0  7  4 14
  7 13 10  6  1  4  8  1  6  1  7  7  6  2  3  8  0 10  0  4  7  5  4  4
 14  7  1  8  0  6  1  2  6 14  4  9  6  4  6  9  1  6  2  6  1  4 10  6
  6  1  7  8  4  6  7  0  6  0  1  1  4  2  5 14  0  7  1  2  9  4  1  6
  8  1  1  1  1  1  7  4 13  1  1  5  9  5  6  4  6  6  7 10  8  0 14  5
  1  0  6  4  1  6  7  6  7  2 11  9  2  8  6  5  2  0  0  5  7  1  0  3
  2  8  6  0  6  4  0  3  3  3  0  1  6  5  1  8  3  7  9  4 11 11  4  4
  2  0  1 10  1  2  6  6  4  7  1  2  2 12  8  0  7  0  9  1  4  0  0  1
  8  3  9  1  7  0  7  6  7 10  9  4  6  8  1  5 14  0  4  5  2 11  3 11
  5  6 12  1  7  1 10  8  8  8  0  7  2  7  6  8  2  1  1  1  4  7  4  7
  9  6  5  0 13  8  9  8  0  6  4  7  1  7 14  2  3  7  5  1  1  8  7  6
 10  1  0  1 14  1 12  6 14  4 13  1  6  7  7  8  2  7  0  6  8  5  3  1
  6  8  4  3  7  4 10  7  7  7  9  2  1  2  0  1  1  2 11  1  8  0  3  0
 14  0  4  3  1  5  9  8  6  4  7  4  5 12  0  1  2  2  4  6  7 10  7  1
  1  6  4  7 14  6  8  0 13  7 14 10  1  0  4  8  7  6  1  6  4  1  7  1
  1  2 12  0  7  6  5  7  1  7 13  2 14 10  8  6  7  2 14  7  6  6  0  7
  6  5 11 11  0  6  3  1  2  4  5  6  3  4  8  7  6  5  7  4  4  7  8  7
  1  1  1  1  5  2  4  4  1  8  7  7  7  7  7  3  5  1  3  1  3  3  0  1
  5  4  4  8  1  4  7  8  7  7  7  6  0  2  8  4  5  1  0  3  1  0  0 11
  0  1 11 10  0  1  1  6  8  7  0  5  6  7  3  8  9  1  7  1 11  4  8 12
  4  4  0  6 10  4  2 11  4  6  6 12  1  9  3  0  4  4  6  0  0  8  7  8
  8 14  7  0 10  7  6  1  4 10  6  4  1  6 14  9 13  9  3  6  7  5  3  1
  4  5  4 12  7  6  1  6  5  7  4  1  9  7  6  1  2  4  2  1  0  7  1  1
  3 13  4  1 14  7  6  0  9 10  1  4  7  5 10  1  8  1  7  6  1  6  0  1
  6  6  0  8  1  0  6  6  6  7  7  3  4 12  1  1 10  6  7  6 14  2  7  0
  7  3 14  1  4  6  6  1  1  2  8  4  4  2  8 13  1 10  3  1  8  1  1  1
  9  6  6  7  7  4  0  8  7  5  0  1  1 14  9  2]"
