numerical__ShapeFactor1,numerical__ShapeFactor2,numerical__ShapeFactor3,numerical__ShapeFactor4
-0.5679602040353006,-1.0864054517277917,-1.0381993405685608,-2.5301184114224906
0.4160152926886454,0.3842831305980234,0.262435192203468,0.2594546264496299
-0.3123761858932461,-0.1031988462308336,0.1367230199574279,-0.7089957236479933
-0.0354084299281046,-0.0764786776140644,0.0069202411218909,0.2908870387069974
1.3565064385776828,2.8470367692760754,1.8500514766690872,-0.5121097252249659
-0.1069741823191017,1.4110881610923625,1.6009196275767892,0.8213163232678657
1.0482141708592787,0.723459168635599,0.270157991827768,0.4046121716915898
1.4167695157935831,0.9015046327627187,0.256466547993209,0.5068589625931574
-1.2036722412588288,-1.327126631067847,-1.079258668287193,-0.7542393651040331
1.4555219605442546,0.7211816787566345,0.0757752508687123,0.2768322973201088
-1.0057845197927835,-0.7423261640602927,-0.2717414775751869,0.209441029667883
-0.8739062775573145,-1.0703635308886756,-0.8466134546207562,-0.7746608150273798
0.4688707117369064,0.6356270762405382,0.4884579681321693,0.5882690667151416
-0.017992573519017,-0.1366163736241394,-0.0729386025132048,-0.5016428011435486
0.9305241758904238,0.5578402047660509,0.1701202993296438,0.742059972324651
1.173604920785365,1.6147150074845402,0.9932766389423936,0.223199580407347
-0.9616381010054256,-0.5307291453136211,-0.0004147276483376,0.5063732667869196
1.196634122090669,0.7853023431537967,0.2553948722654535,0.3008828464422458
-1.1959653087161948,-1.137784920832322,-0.7629553981215998,0.1121664034854833
-0.8785996645746071,-1.2836823560445478,-1.187866263268583,-0.6936484808992837
0.1218455499796139,0.2498615826967324,0.2836919446402465,0.4390202020180263
-0.9781407732716636,-0.1162605031031112,0.5618201720264995,0.1510806462398164
-2.707902768887004,-1.3037415538853536,0.1522639416342659,-1.3135523462819716
0.1339679736988286,-0.0234974530558166,-0.0259998027080216,0.6941255130054246
-2.674057092115794,-1.3657735335334322,-0.0151758307845507,-1.013334751056259
0.5920824476351157,0.9051854955443824,0.6814613276524422,-0.1820212895569995
-2.5955190469200176,-1.4497440274519722,-0.2748749052984797,-0.2856467608124185
0.1514009927372596,-0.4533592128400498,-0.5418345318537142,-0.0100660202491518
1.1833786486798248,0.9071299571579312,0.3732716065783699,0.3689736197814776
-0.8753113194340739,-0.9359362332872232,-0.6394915282196331,0.0906769185633568
0.181232346583436,0.0863195655860444,0.0712656310900387,0.5983748105148465
1.4559110221985248,0.7785640578337067,0.1277949533626526,0.5273481401449517
-0.7523194816523839,-0.8463285302614805,-0.5791204267596914,-0.7408521613906569
1.6318579851041994,0.8273214021313331,0.0925619726248405,0.3184723589105359
-0.7172153935788208,-0.4424697113219634,-0.0399872526868635,0.1317642560307834
1.0486524516796545,-0.0054515385066913,-0.4536067199954757,0.7030907452703108
0.3666916347113619,-1.1969903701397968,-1.625491927398141,0.0481094215654171
0.3121238422613897,-0.341369941292247,-0.4862839223659651,-0.3821215094493206
0.1936736121924638,-0.172773937028297,-0.2288553569069709,0.4957029226653114
0.6568855273145234,0.0172912054466671,-0.2487684897933769,0.7231875050848351
-0.1157744399994621,-0.1889661168871345,-0.0802252302797833,0.4619909275798471
0.5611652812248124,-1.56001635091815,-2.2496458783953415,-0.0154461473840947
-0.5871819866252029,-1.0461300204926085,-0.9670564901580456,-0.3650434166167965
0.0602780559319211,2.741899675284993,2.639785398695297,0.6227769313669692
0.2053325409432453,-1.1583373383575797,-1.5042036178785037,0.0218621312456318
0.0271107950594346,-0.0279913155666647,0.0277695001402174,0.2947855149603114
-0.9971011530373128,-0.7717075399413749,-0.3202783039518304,-1.5040746292583806
-0.8928150495815815,-1.2664734830258506,-1.15159665620592,-2.690000071096006
0.7091244711159813,-1.244581505653654,-1.8226921394892917,-0.9674770892134829
0.292950739289443,-0.0385001608500579,-0.1275781322109184,-0.0111434762141891
1.1552118395123203,1.0548690082672163,0.5202247453651061,0.1984992136714911
-2.8254862822792752,-1.4800752902765937,-0.109022728722375,-0.205085345459916
-0.2922610069299388,1.3132828327753523,1.6411997430991736,0.4740828009961068
0.3487449319714636,-1.068854583267887,-1.435909807069872,0.1158901763085007
0.1021715752155122,0.4989157939212677,0.5601998544977254,0.5609833336363915
0.0622948247618897,-0.2604542851546753,-0.2627400096735364,-0.0633189552474608
0.3027692192134613,-0.1569034726648218,-0.2668019901942389,-0.0806843061821291
1.806459750858558,1.4897821019528394,0.5750915381056434,0.1492779314973934
0.0110727200398469,0.156002142152583,0.244360870835396,0.1394575495113851
-0.5318539740662482,-0.3049126803154858,0.0223869782998471,0.8367333886422049
-0.8955522226894618,-1.1279337013279147,-0.9250801105938506,-0.3156996195224136
-1.348461601550312,-0.0714765437652547,0.90785728966265,-0.294021612420031
1.4141853080941782,1.4863105346441097,0.7615589592890151,0.4954694933352127
-0.8567947528342389,-1.082828992337164,-0.8758498602575959,-3.1355471886581174
0.1340877749600271,-1.1759411516888771,-1.5001592997797792,-1.5843847772476385
-0.0275835589886286,2.370034987246265,2.399033397042641,0.9487440160917298
-0.1505345452714711,-0.0836323430749959,0.0642861630415181,-0.1218732895962699
0.1288728704997802,-1.3361728337084142,-1.7390350856340246,0.0220448668485787
-0.7555903994255059,-0.7508606562849486,-0.4397387720382349,-0.0297487283915681
1.610344257004426,1.148916761966521,0.3825741343654523,0.7143187987933141
0.0934308558408785,-1.3709953567812685,-1.778966864129056,-1.336978731860527
-0.0866962577672628,-0.1318079588721835,-0.0288645637022275,0.6485204377659163
-0.7659842707480659,-0.7439393077612416,-0.4236521736946975,0.2071090502993618
-0.0581818682703251,1.3568742715475552,1.515405139979251,0.8085590739535669
-0.2941640919966148,2.3686757226494084,2.6100519306007377,0.5673692775725798
0.6196017230169466,1.0998897734616266,0.8481346575841482,0.7031034417629386
-0.7934916370637687,-0.5369389620390955,-0.1185497140872235,-1.6078954004693102
-0.528267955802663,1.2122927395354377,1.719998008265983,0.6066482556851684
-2.484821337196702,-1.7661337533993446,-1.09864065807719,-3.238246871986991
0.1521728058355463,-0.1043697114683827,-0.1280662369030492,0.5613583080508623
-0.1626574722246798,0.9109145974087656,1.1514577823112748,0.6597394559825103
-0.0267839717647874,-0.4590298709798298,-0.457936891872527,-0.6076157685972619
0.0156847874897355,-0.3212046357768719,-0.3109316103916382,0.6706351749725986
0.4251421762866991,-0.1340267157024834,-0.3023189396759911,0.4545967725285863
-0.2847793188665147,-1.3826388321868377,-1.6391380443306456,-1.190137658774961
0.0264111532240301,0.4484169530927966,0.5525013731015196,0.9036492233227182
-0.2564951901242798,-0.0796899837563289,0.1311968074141287,0.3401510623595233
-1.0341040479055088,-0.8965486504572897,-0.4829557840327138,-1.265831918766076
-0.4699021419828208,1.2462152991484872,1.708842260377476,0.2559433827131913
-1.139942174535327,-1.0553438011652607,-0.6640027105858803,-0.8892182869104072
0.0734140827602251,1.609451256040842,1.6582433084426853,0.4475385589116233
0.0226135987757706,-0.2427482501940723,-0.2204652786657717,0.4339897066024344
0.9009944654354344,1.1008907206727014,0.6935172841667416,0.1024166481888861
0.037063301807408,0.6471627238762179,0.7534526968229583,0.6525887498772203
1.5367019560971218,0.5145781536988903,-0.1510260345959865,0.564335947437041
-1.246099186213527,-0.293517089576457,0.5288906667336221,0.5233325027822023
-0.43609786087829,1.3075342576152984,1.74361392595003,0.6956671458206128
-0.738118367985805,-1.0503494511214462,-0.8919198684149943,-0.4971531461504989
0.8054172320236506,0.5519584079565076,0.227060120124943,0.5038941943059878
-2.7288404804427455,-1.439117820494327,-0.1183927885511956,-0.3246243570016211
0.8580061356010106,0.1828760528042053,-0.170128523800155,-0.0205107415000505
1.528464927450376,0.6399142406412022,-0.0312230622123279,0.575278792154081
0.0227404227701724,-1.412749868139066,-1.8166787531433992,-0.432449074031062
1.0037409308113712,0.9572149210984602,0.5090902673581044,0.562501264512746
1.5089477189316598,1.2116803574727688,0.4838207627657145,0.4175714046596696
-0.9733281011825388,0.5560432579794597,1.3703367596607663,0.6419065091692817
0.2275160122142149,0.4013367706860436,0.3849756007918126,0.8861049314492582
-1.3640555749178578,-0.7828592523127871,-0.0877778209199855,0.5987415667639516
0.2328846483390632,-0.1001614714944059,-0.1659105755925619,0.531495585509482
0.7195516818398717,0.7223200671532919,0.4371612257513277,0.6311711213531224
-1.4326426071026688,-0.9423167146161378,-0.2884403747636205,-1.9658202705826668
0.3054330792786401,0.1035883064553412,0.0231896208269173,-0.0900020742434365
0.0822144003583949,-0.2251461653954118,-0.231442189224127,0.574395636985052
-0.2005492847048192,-0.1379595859664435,0.0290646553922267,0.7370476322264817
1.9515057213516969,1.1567642192942122,0.2363116528837935,0.1191126279715285
1.5281021304556797,0.8223443163028065,0.1344995395222551,0.5378195721889986
-0.9385281336173054,-1.187759277867684,-0.997045097734617,-0.8064227633907486
0.0916814997324054,-0.7243463505600669,-0.8561623345263161,-0.2482955320717623
2.136812218088629,0.7949508935352583,-0.1480480374469444,-0.2664588000438172
0.2195980176423034,1.0519180201569565,1.041773456334096,0.5781595288277139
1.3556509302732929,0.2854167921782694,-0.2922428932016844,0.6162538887559412
1.4453289917518637,1.681270035222405,0.9060138881073668,0.5359077966652649
1.9053838435818908,0.5757024682269312,-0.248882084094215,0.5177673227219806
-2.6914604974342664,-1.203599298954196,0.3423317447837858,0.0997048869305509
0.2656447238153205,-1.0838200160878733,-1.4225528827782592,-0.7726766755181462
0.2672925907690399,0.5657151398996955,0.5322664215342393,-1.248415102035909
0.4304593722641742,0.3269111626697492,0.1949769151625216,0.2768639580931847
0.6351922448256779,1.102985414295952,0.8421071152184999,0.9666443670296844
-0.1493662867975029,-1.1649283922608975,-1.3601308054513006,0.7339815167680271
0.2869460091972882,0.3432775011825998,0.2904809365915616,-0.0399943694367913
0.6684283226974493,0.5685629176368951,0.3141568593773845,0.8003223523095292
-0.1324803229886328,0.1062174895693001,0.2727388481754693,0.8151374038804334
-0.1030417171165726,-1.348529090285369,-1.6628662039418096,-0.4769017534464523
1.6603238894103096,1.1543551599357644,0.3641642441760119,0.5053780188915806
0.3560167655670274,-0.7733230379937798,-1.0414203621947808,-1.181526210038278
0.6347771666411968,-1.1521578986277845,-1.6646679062488132,0.3717655676794288
-0.0892718780616479,2.2307925617331974,2.3273527626965116,0.966941528991363
0.6005050195732228,0.9588299682654706,0.7274363868508421,-0.0131189597713716
0.2794307725027107,-0.2961667195378387,-0.4167190025526932,0.5476191394558861
-1.0112344986179251,-1.0606664360422062,-0.7510745322941541,-0.7656523972499656
0.7734121708550967,0.6481959511744432,0.3372913186535515,0.8823465194744565
-0.678110607633541,-1.0422528446709776,-0.912427988805359,-4.2076943710100725
-0.4472500278472832,-1.401444784826195,-1.5972491625792602,-4.339617946794231
0.5178932584745052,-0.4091710855897035,-0.6643006920513352,0.1293532351642203
1.4331548768927702,1.104601611966254,0.427736477448278,0.5575212438350903
-1.1839045190915,-1.0492326659472542,-0.6265709600178412,-1.1686420151765882
-0.8979531925649883,-0.6928139437475954,-0.2694245268125459,-0.105413440356129
0.5112925213906324,0.7025634586703048,0.5310074779754278,0.8524143115585361
-0.3346069588080202,-0.1987299510832605,0.0347360883363911,-0.5935410767708186
0.2672325260684142,-0.2961240984258997,-0.4105742706133961,-0.5499834028377276
0.8620752664346955,0.4170664741802047,0.0654744257461408,0.61004049239988
-1.3557065527503152,-0.8272972925535514,-0.1620369423378059,0.427333090863519
0.017777090016179,1.0673370184704896,1.1861063724941487,0.4249056968558615
-0.989468250329821,-1.088591953926046,-0.8082541683158881,-0.1259224877464527
0.0743645406955446,1.691180901030977,1.7315197987583055,0.7828183808661033
-1.4148478531252973,0.318354945697178,1.46476789596887,0.0828930700440193
-0.47469367340511,1.8932204968531587,2.33309428358716,0.9443669420017142
-0.391877623117413,-0.9063317338228212,-0.8642186627276326,-0.2341723840526836
-0.0386462978218022,0.3165534991929569,0.4501448349965,0.8109222617511048
0.2216263333964252,0.6632363010690803,0.6580206822263249,0.4906783736892233
0.0525789336967195,0.1350004984891969,0.1971846108755642,0.4095790296440194
-0.8010291851233973,-0.5818814211858832,-0.1753201026025962,-0.1805069068634932
-0.0187791209066407,1.7508416030994218,1.8513432053855137,0.7899436614503258
0.284148815927988,0.5934117724640309,0.5507208568720022,0.2514568903841856
0.0499403240590014,1.263698618148143,1.3533914422315254,0.6844141375472683
0.1504510026434435,-1.0269498086129707,-1.2932331343354695,-0.5515655164725283
-0.4060247841384217,1.531443385920512,1.9376444821621277,0.9477924556166868
1.154507897295162,0.8812691005091609,0.3639254173804951,0.7980691094279028
-0.8509569545192549,-0.7095564679927702,-0.3227576308460403,0.6905052396960143
0.044405494593692,0.1335664537350239,0.2002573525700036,0.4623406641740567
0.9133820492791276,1.1893639786820005,0.7663377390338036,-0.0187913248757111
0.6660858602881615,-1.1222245362084342,-1.634737590663334,-1.0585228589375133
-2.6349792264893366,-1.6283992826529,-0.6407961909382748,-0.7832631275070617
-0.9281945287219816,-1.1875057031942318,-1.0024511264155715,-3.6095347508731694
0.5486116498612263,0.5829541659084735,0.3923205772390408,0.630254615006986
-1.063782702340457,-0.760879510351493,-0.2611263011031323,0.621499981767848
0.0258258141321013,-1.3081405525693135,-1.6538121804234631,0.5317086630139455
-0.3447651564663098,0.6390969016282616,0.9936157128908002,0.8160242907544519
0.5677769621958199,-0.8967419311256811,-1.2923478675806208,0.1976218490957792
0.0274000547280135,1.7026626173849702,1.7748962177982162,0.7728360417514303
-0.3954925831284966,0.6682569003345477,1.0597201794376374,0.9055778569191872
1.2875065121742324,0.8231606913608253,0.2466395365414711,0.6486545197452055
-0.1421442406419418,-1.185840343887538,-1.3948255553883069,-1.5405701242119656
0.0782810104706219,-0.5115759684531836,-0.5773733765687153,0.4960342358644829
-0.0748050907823927,-1.095905428301583,-1.2918287593688045,-0.4837247585349855
-1.691736307288095,-1.247993371913002,-0.6233258809659323,0.5730668940152213
-1.189357296058227,-0.309859699058177,0.4635653258071481,0.6733314771503378
0.8105134757931636,0.9013994178098936,0.558605534210365,-0.1440370336999032
0.4438885719529801,0.0521023350968523,-0.1052491069873329,-0.0150106329116364
-0.5238566878606452,1.2425146309976198,1.7468634958237206,0.590993150217331
1.6091431207943303,0.7754296589659678,0.0562523726260523,-0.1941986029004611
0.8541003336529358,-1.1700788633920811,-1.7695498422499505,0.6276205024510373
0.5465131454346192,-1.4857889237616744,-2.126692750320625,-0.9505448649995458
-2.549476472430362,-1.7159338540413422,-0.9238734444048644,-1.1654500885326478
0.3864383690666457,0.4106061066499175,0.3058183130369021,0.0659108251571882
1.8661047994551192,0.2940161298897284,-0.4938508681443687,0.3295880290113389
0.0331629869663352,-0.6090786947021928,-0.6782860656778222,-0.7443643669904758
-0.1986154101504493,-0.0493043292733593,0.1326612384520285,0.1303168174696743
-0.9249820705813504,-0.9782687086780074,-0.6743242023026339,0.76490940032402
0.6878772821281746,-1.378930751418352,-2.011697604027337,-1.684885053419261
-0.6941921866903776,-0.1335309392174705,0.3418742972091098,0.3076529151636022
0.9071691792620972,0.0596364470179071,-0.3215278915504565,-0.8177248895428324
-0.003234203954906,0.0930337207800805,0.1822403558084034,0.4993931257936279
-2.6769982257882745,-1.6753353354498757,-0.7134333990498604,-1.175533273450401
-0.954434405547414,-0.7009422446613799,-0.2450090669568132,0.3687217788644595
-0.5706314050450737,-1.3822002738378338,-1.507751417750859,-0.3796663143616996
0.0340079379375823,1.6017304397219154,1.6786218114125802,0.8656685407660257
0.1407566345468117,1.1302054850769478,1.166724686759501,0.678354061640931
-0.5699668184379865,1.960417414357736,2.4754395958194384,0.9858245256226518
0.2603746743488455,0.0786165378689863,0.0198592474982704,0.7208973184223545
0.1610849135413128,-0.1684436031814272,-0.2067588115340244,-0.2430693205510933
0.0430388018756848,1.9001664448173563,1.940085474921759,0.9028332725960264
-0.1451894163093437,0.1687205414744724,0.3509307078515109,0.7188503122632993
-0.6455952060748362,-1.0543470274208608,-0.948383925009627,-1.8754454973693104
-1.3382326656922798,-1.101798947640489,-0.6126712451305588,-0.4601338784057651
-0.0612353878228694,-0.6458967094444824,-0.6785336936850062,0.2516075836427853
1.2898493337344237,0.2199583391274976,-0.3284098206537261,0.6220563972959358
-2.7983055842800537,-1.3997297985238428,0.0422392815341633,-0.7532978794490403
-0.0804519321312587,1.2621384588180966,1.440633159294919,0.8187247369905821
-0.0565156467256438,-1.1776953623861712,-1.4207378493865843,-2.416022198825219
0.8601189415362801,0.6891270854362497,0.3320557424485764,0.2988086355090729
0.6451834057864656,0.7437749290748974,0.497711093307948,0.2426777280805308
1.0442277008355998,-0.7842893716149946,-1.3358977898733666,-0.7938718634621766
-0.6199269956110124,-0.5562330237918929,-0.2518884130485431,0.2223684997522849
-0.9979270998153206,-1.329916076083666,-1.200985391409287,-0.4762826133171942
-2.433901789029284,-1.3626136259388006,-0.2429679125143795,0.1383786628823587
-0.0292583945486579,0.8035862112137425,0.9549285022346924,0.5956579336305109
0.9023180523414652,-1.152899859435031,-1.76292553543642,-0.7666977883105327
-1.0375904573289227,-1.275735502671367,-1.0868176635401687,-2.1484028267527444
-0.2117382949077686,-0.4406959748355116,-0.3358590715767049,0.2838769453610367
0.5605457764712671,-0.9944315445191558,-1.419393795499395,0.1339768717283784
-0.0977499940171007,-0.8919610651075786,-0.9910789162207664,0.1752761880137617
-0.855186518967977,-0.287285009795099,0.2545145971292883,0.2907619851563652
0.8208828468823384,1.1698271124073767,0.7991962547538694,0.1723157713232543
1.255369356551669,0.5791196536767105,0.0352853268065572,0.1824542225295197
0.6839242627769331,-1.246439753451788,-1.8162997413457511,-0.8654843810161584
-0.8672755993603563,-0.974065849965312,-0.7019789503998123,-1.388045759595415
0.8398873837089216,0.1076868567351586,-0.2398264765453341,0.519038248506357
-0.4233000474873587,1.6019685167989577,2.018442876204333,0.3734249708566172
-0.1149624783618799,0.965845843831638,1.174413256462005,0.6421363357411665
1.4818042895196553,1.1704595216782052,0.4614519410806352,0.8617911503190508
0.6509703990432099,0.921729596609388,0.6643078455750946,0.0749576079874105
0.794984459534667,0.6739195711518426,0.3509750628196308,0.8117443472965531
-0.9365878990755986,-1.073839036345289,-0.8158986956412577,-0.6812243157925438
-0.3180286194351437,-0.323786205400461,-0.1291433405212062,0.2316803871409913
0.0429949546560526,0.3297832849181059,0.4158384248288656,0.3306510255760298
-1.0916872661497468,-1.009480736560418,-0.6213311879855165,0.2182928913109344
0.0577587775910335,-0.1501676812193664,-0.1302992697663949,0.5876885900383844
0.1563456030118192,0.2501491462731961,0.2643868154299221,0.3796360419369258
1.5952998244260164,0.7482587334505452,0.0379303223711155,-0.970049386529576
-1.0666611550070362,-0.9678198702650804,-0.5718784031354335,-0.5535248796536985
0.2193761062770323,0.6106865136510216,0.6060527777128207,0.6725573005918266
0.2772279521194459,-0.1861596374362039,-0.2874095565071928,-0.1811820955041535
1.6105251252299977,1.1236054482942996,0.3608315598374351,0.6521081956415552
0.3641482906789115,0.7520659313885064,0.6631865819658581,0.7207055897161704
1.0137446187980406,0.5892504759255242,0.1595917449118435,0.2822954273451939
-0.9567428470615348,-0.9092213373923748,-0.5501312458387163,-1.1728848100604718
-0.0437584400217891,0.1442760110610674,0.2632053870033788,0.6751229062294289
0.888653436793389,0.3922471773670073,0.0277357116249612,-0.0252641499747655
-1.4688522336587626,-0.9419054018605986,-0.2619742948121908,-0.4901012838528298
2.4419395289182964,1.3273499117368173,0.1698989938517635,-0.613816265411732
0.2825163592281514,-0.1281727424029696,-0.2236031171469115,0.6008327055331407
-0.9001970746223495,-0.8613393647988432,-0.5129829538263533,-0.5213982471796422
-1.6402577112198355,-0.5163254653034896,0.5290617205643017,0.3985544171127858
1.6884012989480508,0.1029618607532077,-0.6089504197987656,-0.246244167561487
-2.9357695766826866,-1.536778225139389,-0.1212101512179347,-0.8414397814689416
0.1369099594777097,-0.0638942209744095,-0.0735416330607804,0.0503709783964928
-0.5640026095298986,-0.4437874727210935,-0.136598171635816,0.4027974907546354
-1.2501905853062678,-0.8005378767041589,-0.1949554677876963,-0.4200716344682516
-0.6384530766965054,1.619633198996094,2.2106794434245343,0.7837715994667896
-0.7379862843003824,-0.9205310722569776,-0.696382510601956,-0.5322878982466879
0.9049433404587708,0.6385673521000335,0.2608266639607743,0.758598816295471
1.3305951178290758,0.6675680098531331,0.0834151613141248,0.7521272798572692
0.7505910665636263,0.5617772566156349,0.264736463709305,0.2898626362573288
-0.6138028341208525,-0.9463250951532718,-0.803925179858042,-1.0099681369117477
-0.2344134182506928,1.148963058075853,1.4386133845713065,0.9239354641929652
-0.4352955809593685,1.4432892937609665,1.8755764543601088,0.76304425306573
-0.9139070261278504,-1.0376969950464394,-0.772580992741855,-0.8512780624244841
-0.0327638291557426,0.4098459160544445,0.5472768984831053,-1.723599558788388
-0.7772729729817851,-1.0171725317862876,-0.8193492029711733,-2.81801143934448
-0.7258804700682232,-1.0457359370815065,-0.8916032140803104,-2.3038529825469904
0.8111577498429733,-0.9181252882735106,-1.4164876087481628,0.4389545877088207
-0.8902748684369588,-1.2745787927279406,-1.1664273820269042,0.0191609070807668
-0.802190842611346,-0.8787798764417881,-0.597437647560409,-0.2009411193283316
-1.379319405391673,-0.7823903415755175,-0.07604388858428,0.6204727608453496
0.3049341288587566,0.3707349039625328,0.3093246838109268,0.7518625732900165
0.5223298822473114,-1.4330278496114857,-2.0361847714807335,-1.0078320416866855
-1.1813421946149474,-0.6450536783488452,-0.0121254862124802,0.0578999127134589
0.922120682077732,1.0076579742374372,0.5976113367364198,0.7670435886903836
-0.1658435067758889,1.806552442622819,2.0100342747977034,0.8537320538627109
-0.7862638492172498,-1.083671914738033,-0.9167184740210976,-0.8367444576143975
0.5964505961318336,1.1029368864639064,0.8642017907215703,0.6975535582577815
-1.3178528432336818,-1.2233997228571796,-0.8304877147671764,-1.669930754376954
-0.2761475934032684,1.1512929904202192,1.4707530840892309,0.9558415085640412
-1.313281384793032,-1.0505729390030274,-0.5450053123841893,-1.355110522360483
1.0082790925393823,0.5232797140984733,0.0985923346625188,0.6524910391537416
-0.1708621690561216,1.544685151196988,1.772486317339322,0.7583409850551217
0.5079020453852133,-0.3136538371992879,-0.5478417778042183,0.4354130996199462
-1.0445369424084752,-0.645935362212834,-0.1070328266224696,0.2758307709808055
-1.175153975947109,-1.019551909209454,-0.5847180949094175,-1.0628839054248784
-0.5620306451474534,0.0592075229183223,0.4883841883231461,0.360328822594312
0.8195143060063887,0.7055461607804114,0.3686710249146288,0.7462566413695718
0.4771578415545566,0.6568693810364069,0.5049290363036179,0.7457307773597854
-0.6182021954578284,-0.5824838470138266,-0.2883213227783227,0.6574897637386429
0.7307001812621671,0.5426221239579367,0.2561184505272746,0.3627390095457481
-0.3898031740314393,-0.4181297244333261,-0.2066491837792581,0.0094424179394028
-0.442779768311617,-0.5625313643105386,-0.3640464908993581,0.0011202628157142
-0.893610751463945,-0.0547447348096814,0.5784542762588558,-0.0308603666906091
0.3658808694946996,-1.1928433943540169,-1.61916782086591,-0.2870938697233884
0.1845603492624511,0.1985718684911011,0.1926246251251896,0.6090727491214162
-0.1922868954086605,1.752752559118789,1.980898978510947,0.924804374435213
-0.2960424499450624,1.004694724688691,1.3385324727140886,0.9425527289988128
0.3132068392884957,0.3579243461326675,0.2913042519522704,0.7749149638527509
0.7810761801496632,-1.3600404736906024,-2.01554349486328,-0.2538659997412547
-0.0010451369076207,2.258386448674529,2.2837766604147496,0.7048880720542985
0.1594689529813702,-1.1418768027000965,-1.4611467586678348,0.3207006690099755
-0.6990947092680254,-0.2519529735220435,0.1959088814808304,0.8702133359121346
0.2038530572016411,0.0973191774094374,0.0710640825287173,-0.3678122899151856
1.366548653092753,0.2944782012083387,-0.2880784402125479,-0.3866772011951901
0.3786697802878618,-1.0016351140283233,-1.3552246638164749,0.3722260304349457
1.1872649563740445,0.1803449041724892,-0.3232415269252889,0.7495676293343142
0.6525888761364323,0.7895021728571551,0.5377037652559441,0.8034988207184265
-1.4185106606002078,-1.094351387410988,-0.5467683286595374,-3.615869487732469
0.4237193274156637,-0.47529812911002,-0.6996741993487847,0.7056302779816466
1.185643050167725,0.4127908280549907,-0.0921512589805954,0.794443055860124
0.7600234202733049,0.6077802754835869,0.3049227342113267,-0.0542937195679168
-1.1164876761243878,-0.9085910577011078,-0.4489256012357431,-0.8207263772295686
0.8789535837556174,1.2400754552502344,0.8302545063829483,0.5277594364989553
0.252671719131265,0.5351688972857265,0.5094446134697225,0.3380577702508372
0.563747654587461,-1.3429892408259745,-1.914294548206967,-0.6983631236061059
-2.929282893578593,-1.7129323495448705,-0.5610055240032228,-2.596088520980662
1.5364035598043455,1.1263958509398226,0.3977237871305887,0.745956800500834
0.9958346059475718,1.077414070953301,0.622177807039013,0.6453837946766371
-1.172335537867888,-1.118239967652928,-0.7455447249715567,-1.1288438303873976
-0.9657242052564186,-0.9568306102139248,-0.6170245038676161,0.4764908323356
0.4142750293694453,-0.1119696076336711,-0.27204687872118,0.0363843791103955
0.5876042600250936,-0.1156273454792077,-0.3609526107651747,-0.0478344851971104
-2.80099955603728,-1.619901541740762,-0.4613556827413186,-0.1161257429807095
0.1734414480215764,2.3360510949730933,2.22010534482514,0.90835096350029
1.834081075562788,0.9719102425382088,0.1305280695733797,0.3949016369994874
-0.771700074052479,0.5179791723383399,1.1686635833618118,0.6586660320455381
-0.7883205476041895,-1.093236593519992,-0.9304694358903154,-1.767547196939356
-0.1271271533107774,0.8412697798278342,1.0571289992755353,0.8863919256690049
0.5015609081282473,0.7964045683160491,0.6280018299398406,0.5732772755970609
-0.8945778390206903,-1.0453234711389592,-0.7956830813435047,-1.259543110716236
1.3736315850288583,1.234543807056708,0.5688935774885815,0.2146028321264782
0.3689584534274079,-0.0758770162357841,-0.2086470422200171,0.1479712114770504
0.9694014969088456,1.1570437628995325,0.7074875483793869,0.7318209227888289
-0.2163856969628113,0.8809255029812754,1.1575882399268584,0.7577293699199867
-0.3428103030216902,1.7437112783706394,2.088289792370916,0.7845351353968788
0.5953993255966662,0.8021245336591718,0.5811642526105064,0.8515067162457642
2.240246553466581,0.315211683496547,-0.6153984481917869,-0.3020319492301004
0.409416399763892,0.6877427190983068,0.5736067097649388,0.8143313793924339
-0.0823344508038954,1.6840869036060824,1.8367265762310596,0.7658157339264842
0.1860459657082185,0.9635700506682334,0.9773483629317492,0.6982851142412585
1.1983884304378731,0.9691519200704524,0.4219229236211968,0.3696119645417615
-1.5818136080695917,0.1241414091722867,1.369743494841078,0.5243958538345086
0.1839626371667641,0.1492582161835633,0.1391218938193858,0.4974083787602369
-1.1262677010141442,-1.0739872244638506,-0.7023716655224614,-0.7691097270439049
-0.5730677608823316,-0.806233388872069,-0.6240807545552255,-0.5743878097112377
0.3279552665194415,-0.2234924138191221,-0.3561358758262108,0.7504592478059899
-0.8528071063701931,-0.9731743892383656,-0.7090788086550409,-1.2443386793990163
0.560904304018459,-0.1141119281259278,-0.3464306738580303,0.139843675229617
-2.30898753442114,-0.7991230171613312,0.6960581353549156,-0.3942040416830701
0.5210348422928923,-1.0405280973374258,-1.4662879622957474,0.2030941207955934
0.1806545769027434,0.2566192274552096,0.2576415248828823,-1.2366439821986392
0.992550072440728,0.3949070665002652,-0.0196170050271345,0.4242379277319703
0.2443263505873699,0.5368738294503415,0.5160187564630626,0.9187930444112508
-0.0024646836074794,1.047810879844556,1.1803998103631763,0.4813341775575059
-0.1814472215533887,-0.2039588736541431,-0.0609506423211592,-0.0471144004702716
0.5248132703886232,-0.8796204981683695,-1.2522240066344663,-1.3033621420530832
0.3816975485919882,-1.314317220631446,-1.804231106702625,-0.2912965848537909
1.7816799762276727,0.1462232047076685,-0.6029039208549473,0.9922094660155012
0.0683309407864837,0.50656824056619,0.5884811666513575,0.7288503635071788
-0.9270435530111256,-1.1609913886769123,-0.9601930619234978,-0.2530492711454544
0.4770253895071506,0.5566681423212382,0.4050370026294814,0.6647788927742163
-1.3918610336805657,-0.1972713383196729,0.7754208232426026,0.6210513877363769
-0.9308671219987404,-1.0970384417787915,-0.8558409314258967,-2.122468095987916
0.3218130091130338,1.317939669525651,1.227643420538974,0.8156025457600715
0.3509181460797352,-0.6906168119526924,-0.9329666507395726,-1.662221895929687
-0.50764349452431,-1.1324697268970958,-1.1395245730141377,-0.8152370174740894
-1.4131036445742944,-0.7549068348908212,-0.0093356546299513,-0.2542818454619115
-0.1678872800226709,0.9245808765971693,1.1687870529745907,0.4365437555629199
-0.1807175134639354,0.6990255994352162,0.9463973472439942,0.866965226615742
-1.499561605057403,-1.153063632902691,-0.5908059458142995,0.4067420316577276
0.0199787808445599,-0.0326319141981013,0.0264381254652506,0.4129615049316699
0.1655752929632232,-0.0438492544906186,-0.0661715233170267,0.674678922249856
1.1895528805067288,-0.7318559964391442,-1.3261766655435376,-0.7491427031888075
0.978879508486772,0.9922146794544656,0.5538570756981999,0.4455215978407127
-0.4413613657548775,1.865702742757718,2.28024815392219,0.9716897667685273
-0.1643717304938065,-1.4200387912551256,-1.7516443395050223,-1.781802808434351
0.7523405996689504,-0.0385713573588588,-0.3544812940579764,0.577562481103887
0.7044571972410228,-1.233870097946793,-1.805714610534189,0.0461018914841034
1.552228922241624,0.1782184112030015,-0.4802220953045046,0.3836214618414124
-1.2780260733387188,-0.4748742289025134,0.3017114124960641,-0.2046321218342906
-1.3309445325818177,-0.2078390978219282,0.7116183228956622,0.1197791206043864
0.4821580627779271,-1.31347448104749,-1.8405713321314947,-1.6910157181619068
2.078622607914432,1.4584719380693505,0.4271328533457763,-0.1068180311341341
-0.0763916431538312,0.0079245925082325,0.1276993386200602,0.2680217888153202
1.1248325978991085,-0.1878505433722614,-0.6808328950750815,0.1283492937655725
-1.027240314239788,-1.1550065575850654,-0.8928202013341492,-2.4022184143890493
-0.0621755231409525,0.1438977738290142,0.2735935491985852,0.3505297120304268
-0.8703244523049704,-1.213827272739409,-1.0773781743343167,-0.3919266097866505
0.117366703215441,1.4920756904768278,1.5210019094125478,0.7095144338985553
-1.430419227218447,-0.4318854583996087,0.4803977498403585,-0.2298169658561255
1.3587674516485493,1.560140632643791,0.8509283590907161,0.5414343480789042
-0.153328011483815,1.261542509914855,1.4909728758620615,0.833954230062369
0.0338027331418093,1.5058802422277269,1.590814721928577,0.8322700888658229
-0.2470973924011874,0.6580863952088926,0.9476550288845312,0.8374061080467247
-0.2273044713482663,-0.3971863708119991,-0.2724589679840606,0.0657747606371759
0.7682667263362285,0.2540379672279148,-0.0535206598820052,0.5164189441163562
0.0281375679302862,0.7137486742431943,0.8272019939933154,-0.0510098862925312
-0.9218989759284116,-1.1320924148538574,-0.9167402114938552,-1.8770147258556344
0.9267029114073996,-1.2782753934297313,-1.9464300501613752,-0.1774727772130563
0.6257057705763215,-0.0118631918663463,-0.2652782926662193,0.5215528210435212
1.9864515986094655,0.8658170451033669,-0.025593471446783,0.7446625115612555
1.0650593523393268,-1.2320691903881131,-1.927853540711552,-0.1273626037228086
-0.6635010255073986,1.4252192149664644,2.041059966912365,0.9424844599467398
0.4233312630370965,1.87116386040103,1.654057173885045,1.01962613846538
-2.995791719342719,-1.6253450928735724,-0.2699664894616587,0.0627663861305354
-1.2983201121021688,-1.0901035465389508,-0.6194741079181171,-0.1225586125305728
0.0404456669813809,1.758156867668445,1.815584762544756,0.8532174420057216
0.0265698074791509,-0.9345910574727788,-1.1087587295764607,-1.4774849893560589
-2.6201138020660433,-1.4962007741867496,-0.3533469092193422,-0.6965437458603767
0.4506054064709743,1.1287522611456364,0.9734874480832624,0.4744204272342431
1.574472842225891,-0.7207902765057138,-1.4497310742727083,0.2878819055614701
2.015478260771372,1.277575972527059,0.3084214071377045,0.3496739006514503
0.4800147795222414,-1.100107047639733,-1.532408235817625,0.067376486535124
1.1433346288551591,0.5308639012118301,0.0415443393095072,0.8035274543890191
-0.1890751592112882,0.9822799155188516,1.2412612408017527,0.8916359512021129
0.0732585224674196,0.1370443625924417,0.1876858274861955,0.753423874041508
0.2469884994150983,-1.1628954825908149,-1.5279887475160416,-0.1309926275812338
1.253395849714659,-0.7582485757431925,-1.3813367872384288,-0.4901700794826588
0.5228801681671188,0.0097869996554641,-0.1912426126738254,0.6392832988407985
-0.9282410188890444,-0.194451486185978,0.4255711328753677,0.6789833848990794
0.2458891491286605,0.5293594291767117,0.5073945437484995,0.3922201597958517
-0.2936675309437047,1.289362585276809,1.618974453359724,1.0150303829979972
-1.109550175635461,-1.2000479712122,-0.91837711731729,-1.1469478821522108
-0.3387954481218455,0.4189032924242208,0.7513765237747768,0.7381793828998099
-0.7228985167968762,-1.116047128795448,-1.001792171617585,-2.526666479222588
0.1937694346008872,-1.0585591522795803,-1.3564828392072703,-0.327077047797438
-0.9003843666671366,-0.9727373167216886,-0.6804650222567683,-1.3267153194710986
0.4736497798895682,0.8900158621989901,0.7341963395386829,0.6517276186841203
1.2370156084241843,0.5307195755729873,-0.0021727003318372,-0.1253916249947464
-0.0156979684104578,1.9815566074008464,2.0546227533647183,0.6318505607173801
-0.1884348666279141,-0.3147250108598833,-0.1917479362144863,-0.0064952428000551
1.4012102094974657,1.5181529955014068,0.7945422343767216,0.9205008220771232
-0.481414334831669,1.1083788507322512,1.579239583985867,0.62592622221432
-1.1652008185844969,-0.8268962901291533,-0.2925382222532978,-0.302634791551683
-1.2247904987281504,-0.8313683811025229,-0.2592119385260861,-0.227081398910366
0.6810681617725162,0.1571297481271379,-0.1115641840728018,0.5753580184467385
2.3230611502493956,1.0257494211989335,-0.0269173080636669,0.6045484706831595
-2.906775280784656,-1.6841649509481862,-0.511508331013633,-1.587790206593412
-0.0181197824154861,1.003650372350282,1.1473925274823975,0.8061579724400616
0.6094920918221004,1.8048298937438736,1.4788036136802385,-0.6591543216486434
0.5974623143152598,-1.1143903263557724,-1.597890663954323,0.0302188977090638
0.3769989823249649,0.258787784160205,0.1519853949931487,0.653363734848133
1.210579982282742,0.888174601960645,0.3427641776942159,0.7541637891669949
0.3651492203378047,-0.0119368370168107,-0.1353427193960541,0.8538518228095308
1.356666422443311,0.1620790873560512,-0.4148498863775121,0.4980917127695792
0.7691758753963143,1.151407066463101,0.8111017171901376,0.6394133526288965
0.3871538003521955,0.4705198129770999,0.3671174939258135,0.3993178833932023
-0.3786919592248131,0.4532607174270675,0.8157322309692148,0.7027982705640876
0.4046757533997164,2.411385835823859,2.118134434552928,0.9556081286558188
-0.1400440837605444,0.1791026833451153,0.359478793012555,0.2183546314743117
0.9860008070229892,0.7372225465549254,0.3140204884507334,0.4931795447825969
1.4705565230623032,0.5370813764805247,-0.1011691945339506,0.4635405079968029
1.5680849614182175,1.2525534988084317,0.4904687176751748,-0.0189991376869301
-3.283360275135752,-1.7451533540893538,-0.247966569877553,-1.7929656617526637
1.3742733148282789,1.1421243876310332,0.4887219662783426,0.353568550603086
-1.274138427004302,-1.2045749048810277,-0.825847693201059,-0.4361048413673786
0.1313982201272288,1.5610002256979123,1.574454137563724,0.9029698265265114
0.5768048859864542,-1.117488069339234,-1.5942891576511764,0.1867616713465618
-1.401532522371238,-0.980583725671618,-0.3718000461010468,0.4683090982994832
-0.709620264568942,-0.5650068880976324,-0.2091868383573255,0.0741088833670325
0.3772764007235406,-0.3628412665416287,-0.5433501568828537,-0.4862057324558455
0.1365885558357739,-1.565779791163875,-2.110319757988254,0.1034803735804355
-1.0111453090089733,-0.418354901528784,0.1874381539938841,0.8330536634887793
-0.2517632592587723,0.8119824767605441,1.111132612234107,0.7018669829429727
1.3016951881077108,1.2648803295653024,0.6306663496472451,0.8440782541369882
0.9059592752439706,0.4868864461821143,0.112958106838704,0.7635255234038436
-0.9340200399100782,-0.5266359494792413,-0.0131725294912332,-1.060849546982525
0.2530553689487028,-1.0590368231888898,-1.3823325948666576,-0.6989270663997709
-0.1281433919857208,1.54575090802981,1.7423664033579176,0.9669539175668052
1.3332974807826552,0.5682987210663435,-0.0105992379820118,0.4820956044072804
0.6453617106935431,-1.2273484887664192,-1.7749642838873827,0.2567821076734743
-0.94814196897632,-0.4719346305057857,0.0713132653290443,0.0455062022014208
-1.167087943815954,-1.1123509220069427,-0.7391844544850058,-1.6178226954835944
-1.3372761881488864,-0.3663108561337652,0.4993913663273699,-0.2677765330207704
1.6230961027616089,1.423514592042065,0.6072145068982274,0.7478133507159295
-0.0063943790842274,-1.2732914621434714,-1.5867987539174904,0.1193203265811248
-2.590629956642646,-1.4075300854246628,-0.1884292740924074,-1.997819830566848
1.9289869754704705,1.1858425173632496,0.2703556107056514,-0.438579450002573
-0.3522429395048781,-1.1697226884301364,-1.2729254358673412,-1.3459985930822338
0.2801867487393724,-0.9736726057511724,-1.27537005490388,-0.4737833615849505
1.7650643351950352,0.4489169394605148,-0.3081484684138758,0.8124911229942553
2.7465399433000193,0.1263616850744893,-0.9633067721380008,0.2230950406112597
-0.907008471180806,-0.8664004268597323,-0.5163498797202153,0.0698659533673761
-0.8763414693567193,-1.0772180275955503,-0.8559440318488449,0.0828907504221871
1.0603429746249315,1.447826106856981,0.9131087141161262,0.5165318135623422
-2.402440795592161,-1.2184039330172285,0.017489828003597,-0.941150468371216
1.0401093753160902,0.6051367123730915,0.1619827826310013,0.5112763846465159
-0.7553458702185498,-0.8301847419879889,-0.5538819910073566,-2.044723643271231
0.0319896388795804,-0.4837191117179404,-0.5191085027745581,0.2070789745097674
1.74984986419731,1.3072157880200284,0.4515393066016424,0.6724464321378697
-0.2969955673204651,-1.2691477857307063,-1.4526407810198307,0.1925948696912632
-1.225412797532699,-1.0722801163127555,-0.6373549935975592,-0.8337502618856187
-0.7804023107128887,-1.008730942014213,-0.8047198977067561,-0.8418276322048436
-1.1242087667950142,-1.237791519135764,-0.9728466170991448,-0.2173628700629243
-0.126216306721303,2.342011298633819,2.451813884265188,0.8477287826144825
-0.7925982272794779,-0.9551975026838748,-0.7167959889079205,-0.0686315299790296
0.0494672075934537,-0.5288418007799434,-0.5845352753693006,-0.0522031325569713
-0.1162510934023613,-0.2307123769665575,-0.1299632316457987,-0.0307523474329009
0.1844110309833145,-0.6009130425361072,-0.7417785029198027,0.4121223319606403
-0.8174961064182655,-0.595606375022973,-0.183866148958106,-2.101665047815498
0.3067093321138254,0.4745123243585432,0.4161879200198583,0.1654157583229265
-1.2038445231799548,-1.2811485879219726,-0.9994617628176328,-1.5691770766302824
1.3355968881656004,0.9657123119012396,0.3521508028502244,0.5645966731109765
0.3498772743491196,0.5648952234529161,0.4841957038163877,0.7117271803230013
0.4430299268921731,-0.3074634354462034,-0.5098694113409401,-0.2050355384435631
-0.1023542193142765,-0.2700293786864884,-0.1851125026711606,0.1103092153946068
-1.2968187041151298,-0.8620728963510903,-0.2570282724092108,0.0898992323088454
-2.628154874503304,-1.391616455000884,-0.1171916256752079,-3.003519098059545
-0.1152968092913949,1.3332809924424442,1.5329789765428448,0.9346053204114956
-0.1240265994294555,-1.055830774434394,-1.2109230447536985,-3.3296021291273368
0.159605460286603,-1.387834446337181,-1.831454260074026,-0.0855317870108883
-0.1235975846523305,1.5571648596996526,1.7496955013623026,0.7276710064146177
-0.2905875816532766,1.308857967614498,1.6356704728525997,0.9920589551123205
-0.0850800235014456,-0.8120297517914916,-0.8875987244704786,-0.3944055988063382
-0.8786645060813548,-0.7042575029454373,-0.2978961954121271,0.0739620812654014
0.7011391371481072,0.5542374221568239,0.2829030024770796,0.236674245116078
-0.0489285712729425,0.2007611510806465,0.3291471538277931,0.1812095937643032
0.3576837693343155,0.5174591318462578,0.4315453861678133,0.7053958439878144
1.5980577998777563,1.4433019964277671,0.635554960860606,0.4573878881270233
0.1458001802287428,-0.8494945132758905,-1.0474077703275009,-7.315013631751985
-0.2102936708096842,-0.6850365482863726,-0.6535785747264904,-2.885955302876575
-0.0178946100479024,1.4514673992815077,1.5762118739101478,0.746403625263335
-2.392980341546826,-1.2936531987124915,-0.1406489820861029,-0.7440110101781998
1.3392202639243311,0.8058385120800905,0.2064755331409227,-0.5032446224772292
1.5687485248616415,1.5024448211631165,0.6984475401756486,0.7328831546944283
-0.0035875910164411,-0.6939290280374144,-0.770093533567106,-0.1356883658239833
0.249412264679093,-1.2937403623957953,-1.722208026217016,-0.9878382420326974
-0.1390041982062704,-1.340896893470474,-1.635491899332413,-1.0728774549530942
-0.924850369085568,-0.9243211198434794,-0.5923236628984259,-0.4154539642749389
-0.9713953927567928,-1.000497198297769,-0.6808167550317914,0.3809186418989546
-0.5800292807104245,-0.891912937366182,-0.7429637610825389,-0.3007832682201597
-2.6542914675479667,-1.5840838621751685,-0.5197626596355387,0.3969114716094595
0.3716882411221459,-0.0845170710310693,-0.2197351704172032,0.4523587874464376
-0.2087405210280788,1.2460984279250948,1.5153559398430914,0.6765192387202067
-1.0948076430248228,-1.0554312441923108,-0.6920937157215424,-2.8446035051889726
-0.802675200806023,-1.0427193611397294,-0.8441798317672401,-0.6382827011366834
1.165172819020232,-0.0098060803743345,-0.5088123212138935,0.6357715640485753
-0.0939471575264317,-1.3014479352254076,-1.592949522460051,-0.1079365574485601
-0.226802136107676,0.2452294730461031,0.4868256959923873,0.4946747266462263
-3.01143572333414,-1.7480059016614922,-0.5659855399945332,0.0045755442284162
0.784156222464311,0.2506736277221029,-0.0647410422531869,0.6451240290471283
-0.9722724185053948,-0.1893802673700897,0.4635320280708213,0.7960247673981311
-0.7305919301609949,-0.9916555121991598,-0.8068631922447608,-0.3258683255849504
-1.368868338014281,-0.3016517029300696,0.6139890007028572,0.669472463331852
0.6516800879531136,-1.2998171603152775,-1.8820216499159903,0.1647570151465917
-0.683038100364615,-0.764997472318326,-0.5027215120973937,-0.2325091995752163
0.0287870167324914,0.0672225258194197,0.1349179744365551,0.1443859815287524
-2.7570110410414546,-1.2735428947273966,0.2693557528476681,0.4326611802464953
-0.0450279571326378,1.0265064377596946,1.1877220988520525,0.2929278417987334
0.8573282206529489,-0.6716648682480275,-1.1251964438536997,-0.3529997832601579
0.3407427244986182,0.2015622495880626,0.1104244917298507,0.309512513155935
0.5278530561673744,0.483504663543385,0.3037082722806371,0.5786855388895729
1.584847795371538,1.2094104653320916,0.4459964105602578,0.7182762906515026
-0.3611645562710947,1.1645198141054054,1.5457739376560151,0.8912713749555964
-0.8319548627960878,-1.173542773987069,-1.033349258784666,-0.0764384102432892
-0.0818434664268439,1.1163647705471451,1.300569710203018,0.8979364895183669
1.2258161120245956,1.3306851103696873,0.7256701463503549,0.607150276037463
1.784598980548191,2.017395178203527,1.0009112583883852,0.8399813863695192
0.312200018441164,-1.5278262690574904,-2.1116071453960923,-0.549013437897745
-0.1165507796692865,-0.2013862531201728,-0.0946253891877006,0.1496255436689544
-0.1869778692933497,-1.118614142468186,-1.273799390531345,-8.748019537281326
1.9377160477659612,0.4103803879926685,-0.4130133733789193,-1.0544820696660553
-1.0902794708874604,-1.1811152225563746,-0.898453666293699,0.0292291710321864
0.422134169664227,-1.3593075315304028,-1.8872389364900852,-1.525950257059238
0.6975124977038936,0.5470565089005417,0.2776915895681887,0.5098301098582345
-0.526857167320396,-0.4422019972955691,-0.1569109863748676,0.2078816166656033
0.9169387372856524,0.1919099205957267,-0.1885956295721691,-0.0372580341689116
0.3391402160057561,-0.2751643111735524,-0.4217282419806896,0.3744207560320824
0.1802561363879576,0.0664878887801875,0.0497891953807902,0.5493035067939367
0.4965922636642182,0.3719566980769815,0.2064472848759517,0.8409598471126932
0.0650799137784179,0.2327388775312718,0.2976664815483932,0.4948887114309491
-0.7862391723559995,-1.134082792983092,-0.9956600191466738,-1.6084245240971258
-0.6454987724343988,0.4487897291200207,0.9970041882906244,0.6230088198292583
-0.5079212423977413,-0.3389232531012738,-0.0354586571294385,0.3346934428277722
-1.1554142788592734,-0.7275240343332006,-0.1507168972184209,0.924560284346968
0.741218614103099,-1.5191900947666732,-2.2440404121200133,-0.2695195455915382
0.2774589103639872,0.2524905417132924,0.1993496556060281,-0.4186463096135971
1.6405463797618476,1.321738651938353,0.5144298006315997,0.9369361107982228
0.9663620898770496,0.6770795315284548,0.2668940072911734,-0.0626370810401211
1.2016705120525657,0.2965341923179118,-0.2135078074023878,0.2946746926589664
0.3285575133672103,0.7775580023526913,0.70906856575998,0.7179453680980024
-0.1094986071809841,2.210304293442441,2.3252312147563563,0.8404683960215473
-1.4725048851147515,-0.406427865478569,0.5505024202896459,-0.6859310672926043
-0.2284627272103427,1.4655485587102468,1.740291647292718,0.9155314989934542
-0.739008124277128,0.6108743310998255,1.2477502708789043,0.8512373636152466
-2.7967705101031908,-1.3018508133148807,0.2534270087287597,-1.252379231694663
0.5262907315109925,-0.9550780954955987,-1.3527882648133092,-0.3045275597992337
1.202790505628454,1.6797427423374187,1.0315950493085555,-0.1746976176061502
-0.8800014877692927,-1.0621646755711418,-0.830320577629426,-0.6382480358409786
-0.0360538600424115,0.0511919132584772,0.1538437410350679,-0.3424596066187622
0.6111842331501137,0.8926773375354772,0.6589239306190492,0.3617655292056519
-2.5941386638118837,-1.6834721248782454,-0.8076047304060127,-0.8985695261020558
0.0191167769721971,0.3145648953057899,0.4135177005010049,0.1415528329230003
-0.7924922975072769,-0.7938580212764014,-0.4792785555371346,-1.6322410294861356
0.5368023858135359,-1.0736171214692176,-1.5179776413979416,-4.480927915602896
0.0597606371179582,1.7279372730015732,1.77481552238408,0.7264769668468927
-0.8856384874357466,-0.1362344770720504,0.469957570246663,0.7248425260965393
0.9555211096069284,0.9382483370607184,0.5165859967786061,0.144386218333088
-1.5500408781898425,-0.7359592655584344,0.1233060782465446,0.5943837427829926
-0.4386373124613668,1.1947531722628637,1.6337405583742857,0.7831957581562922
-0.2502832306165073,-0.6533239684029107,-0.5903720665107665,0.2718124460466598
0.0081316131758404,-0.1032073794160031,-0.0484252030075032,0.3380591633717562
-0.6819697012975979,-1.0706618841212416,-0.9537168951909462,-0.2156237327014989
2.1237539355227733,0.4674766105717787,-0.4327574271312353,-0.3235647083934526
1.0234567599248825,0.176300462716144,-0.2538592958197596,-0.3698634590226061
0.3091538864738312,0.4667177832666562,0.4067676932083165,-0.1649106424636667
-0.3599790274216339,-1.205366388977476,-1.3240366966388368,0.5143535680278373
-1.6246828823625183,-0.2105598413436276,0.9561162758609932,0.750471040316076
-1.2270410865633108,-1.1207506391628064,-0.7154882597659993,-1.3657624333308758
0.3078885005735404,-0.2411251830609536,-0.3665442959308764,0.6638754437496653
0.993910343440132,0.7524821784982628,0.3244161733496402,0.4985858914712434
-1.141594829375559,-1.0207444705519464,-0.6078715087316584,-0.7223917422383975
0.4746037567765308,0.574654921498621,0.4244198427659177,0.5396252130035227
-0.3421114821555009,1.1022263301336712,1.469658401214084,0.8994647545924774
0.9772086935618772,0.758771992471465,0.3387128138574468,0.7456979682073241
0.1096593248241666,-1.1179188350080662,-1.4052514166380163,0.0859343832231254
1.3038948245045558,-0.1474494802928782,-0.7114953760796173,-1.797069793286041
-0.2402902708484267,0.8069564876949439,1.0981225178712088,0.5236619676428022
0.1174412823908644,1.019741212352045,1.0752048032239407,0.884932150184821
0.0959041698771341,-0.1365252438019867,-0.1350263482839242,0.7552577554697266
1.1364587953104162,0.1065024868374881,-0.3759872847467118,0.5005584237368572
-1.1122953191811995,-1.2340810676252023,-0.9736129047543288,-0.0878932306562999
-0.8957653181765103,-0.5254343125897588,-0.0367791894343659,0.3659927556555794
-1.462289377177041,-0.6760835103872538,0.1471943564925796,-0.0393377851447662
0.4761471846970701,0.4976538688899165,0.3459561069424078,0.7176866150804603
1.4827639992631054,2.2930788154658632,1.366940904084275,0.6008130639632709
-0.5774845612244871,-0.6839100296542265,-0.4506615001807229,0.565050604187427
-0.8038934633587893,-0.9689430079842972,-0.7310024631629708,0.0520797531666457
-1.3253144957921077,-0.9490277172599568,-0.3737241947924366,-0.0246061876618604
0.3701244956571702,0.5573603454839845,0.465128247485036,0.5058848758351355
1.6504951424129384,0.7552793697418543,0.0200252466617713,0.6136331438298267
-0.1256096507361056,0.0760456648829141,0.2343599752532953,-0.4025283480759045
1.120355239846306,0.4935768217130657,0.0164458725866406,0.6859817719126264
0.4228884522082603,-1.2601390679742328,-1.7394340460871205,-1.6110781983822655
0.3272871395275316,0.0401239406458214,-0.0580662082615931,0.703609291140841
0.0828181199605412,0.6120181317345333,0.6891805995778404,0.595496645894804
0.0104897799447802,-0.278365068507051,-0.2565416214594473,0.3641627195810099
-0.8220657781404713,-0.4547796376283063,0.010942247171627,0.753558368742383
-0.0959720252447466,1.5780270257869908,1.7490853891342502,0.9030127013214396
0.3137648877209089,-0.2447426367235884,-0.3736888329768898,0.7645086178563201
-1.2471925575976173,-0.8045716759568857,-0.2031417806453447,0.5517071071114664
-0.1213877108070263,-0.4503923790409623,-0.3971093453769196,0.6802678281930572
-0.7661040504383135,-0.2044045632641059,0.3008882303077798,0.3790046715933053
-2.5571563148318,-1.4851700728459254,-0.3887465099956299,-2.3443756004432803
1.3615514404449167,2.130686853786297,1.3075381953906215,0.1128588279313692
0.9211692763243672,0.9703814133513988,0.5639921276748986,0.644676095319086
1.6271368133066897,1.6936027847699768,0.8249089308726852,-0.211359846582589
-0.7722423205884366,-0.9601750156719764,-0.7359436163147863,-0.9711691868005632
1.309459492251086,0.3155459746562369,-0.2425809903873606,0.6432547901680803
1.0870462731890418,1.148545333155044,0.6382949971204241,0.5999646526597786
1.7023056881429872,1.6984007896862103,0.7920298683939845,0.2449085374753737
-0.0579270301809681,-1.2623153298530805,-1.548032241566481,-1.9027593341468108
0.3578238729676491,1.090994295998399,0.9938663190256628,0.7218827814244401
-0.228959727662354,-1.4490045601101986,-1.7719162964330215,-0.2601999898302454
-0.9875268307307498,-0.9972311559079512,-0.666043953260137,-1.2324870823994496
-0.0966141774592857,-0.0574897982462013,0.0637562942496219,0.9171415268306384
-1.0043827087887247,-0.9429376146046748,-0.5721446463341933,0.3189885635523222
-0.4788658340014121,1.3313669343442045,1.8000881671857898,0.8856907633361114
-0.6601006605232529,-0.8421077484330267,-0.6262033491240656,0.6208503832082601
-0.3107640563267772,1.408904541211384,1.7473400853712218,0.6853557748479918
-0.2249116697638334,0.0076546141321163,0.2148080598107362,-0.1476420472244367
1.4852739009166986,0.3556037375545805,-0.2797294407555301,0.2355739268321085
1.538883506658158,1.3484186613703395,0.5851250092812642,0.7529736841288286
-2.9980134239312046,-1.6110591069176774,-0.2321177328453911,-2.412734623651397
0.3621022280081697,0.4456565004913151,0.3554369069187479,-0.7692950812477335
-1.2079129950496554,-1.0957527345912907,-0.6866200452129547,0.2658405962141379
0.2555965857821137,2.135975012682855,1.993164104974455,0.8779771143292135
-1.0270268462660423,-1.030093758234195,-0.6934090700725295,0.4094035252310961
-0.1775491733445334,1.1942945345899905,1.4428157997491349,0.5695845407512898
1.388127933142624,1.522248743278438,0.804560536943584,0.3467855888152018
0.0286461005746807,-1.0407404257799011,-1.258889747444773,-1.1841445708025915
-0.8365099061082797,-0.9522037885472032,-0.6868446298311632,-1.208968209601445
1.235709932721741,-0.1411579841939581,-0.6768884224447845,-1.7096188450758134
-0.0738991540223107,-0.5177393877913207,-0.5072418970250815,-0.7895249331442491
-0.0783431083319552,-0.464271008927835,-0.4374333756928326,-0.3670169610417491
-0.0638061297307335,1.3333054454352296,1.4969805123151303,0.6358946065501986
0.9302375085197296,-0.9168428796527855,-1.4598976873930147,-0.1095327731212268
-0.4772262311730421,-0.648264110743174,-0.4592609428154257,0.4684077687574323
-0.2173646082956267,0.5958442705633705,0.8622182024990716,0.0288144731312389
-0.3799316827240606,-0.5750489836367717,-0.416110527614942,0.4098790341380361
1.3035954372002347,0.7419888918739944,0.1647271934434734,0.5647286023811574
0.8066482239892182,1.3505170588308162,0.9683016804577111,0.3023340185103635
1.6523910789975338,-0.3673528675092566,-1.0804008487576415,-1.3572363597558113
-0.1642628351605751,1.9819884662378533,2.1666732505918453,0.9815813658439908
-1.2651540946146351,-0.7662898690745991,-0.13279297878139,0.595446058636231
-0.6049479726085413,1.2831165905879804,1.8515901551389888,0.9239202251984848
0.353413199619951,-1.2588207512674707,-1.710760885188377,-0.6075362639498615
0.3056429128361239,0.0175066851640447,-0.0717380830444175,0.0443620569756534
-0.9050046927015596,-1.06174793196155,-0.8152595285480092,-0.379175949712282
0.1787311814926156,-0.2487307399076306,-0.3097837233415327,0.5127461151583933
-2.484714507260497,-0.908466320126014,0.6866293324563553,0.5633705697552347
-0.2882249134524152,0.9087870592822772,1.2356707214560751,0.7202002737836052
0.1867446714500508,-0.2231994621471406,-0.2839675456529714,0.0608838892760958
1.0096416323106256,0.6548413677145207,0.2242874177548318,-0.949384958149685
-0.9339980019015977,-1.0307915834924688,-0.7500628390085202,-1.759363211262604
-0.2129425068053656,1.9225621751591424,2.150857517541152,0.8808550727945245
-0.1643569055158898,0.6239289023601572,0.8571741443058196,0.1103865998125679
-0.9141016089555588,-0.8650847579597073,-0.5100673093050554,0.5642469587278011
1.172592514732946,0.1590397668015031,-0.3383288845224783,0.7698362837075802
0.9747139647901304,0.7123128494129645,0.2961514019002756,0.6589249298777933
0.5131938277379309,-1.2284231917599489,-1.7274463884011686,-4.278894144788379
0.3990386515348437,1.3377030017799751,1.197557650015686,0.9813536376890812
0.6881593135826289,0.4256887975209406,0.1613469285184378,0.3821513248985643
-1.0620209022833085,-0.3619232132813211,0.2997577898526993,0.6053733897717779
0.1949344782762627,0.3479714284191905,0.3472219948524302,0.3101879547751379
0.9929284357210808,1.0032932699697783,0.5566535395165086,0.2631182551924206
2.1566013122278416,0.5719139791562909,-0.3515153894842341,-0.1159245763949202
0.5992859028503247,-1.5112195409170577,-2.1846362288139156,0.5977520337186258
-0.8674503546379302,-1.0917442334599767,-0.8837872874049059,-0.3526031808482816
-0.9615092835038076,-0.1646804314931595,0.4876741597286211,0.6602650947649985
0.1716162554075996,-1.0410548152108772,-1.3222680742494644,0.3589802915560898
1.9156484201742685,0.4552788221519868,-0.3628745242284542,0.749415848288943
-0.5972116693558771,0.004366076783231,0.446149615316878,0.3227021192644455
1.3792478285903698,0.3193986249378228,-0.2692413296916777,-1.5659283772656185
-1.444240415107407,-1.1642721268017304,-0.6473884067589615,0.0345707291746464
-0.1354543501149533,0.2076791455488879,0.3886678087978566,0.4470452648459316
1.2899162694632376,1.980978779195664,1.228647504495537,0.2731752203389411
-0.1996168713323629,0.6747277479291244,0.933542860473562,0.9248433411243288
0.3935751775521417,-0.3586960039707805,-0.5462730063592953,0.1450762915589541
-0.0375116630845243,-1.3889330752765272,-1.7542607466061049,-2.2133392346810097
0.8319935215231485,-1.1402338863431631,-1.7205035105868245,0.3975049412394155
-0.8077148079264416,0.9315462137436694,1.6511875499631723,0.8039591100956913
1.5815875888285875,1.3400970976197435,0.5576928254658902,0.4943338193610881
-0.2119979389642943,0.513978488554356,0.7714969446114601,-1.601113652557475
-1.2268571607392291,-0.8163026225931074,-0.2348895997652544,0.0566092017451418
0.2656281625720454,-1.1286473194196949,-1.4863295236832663,-0.0972899681700567
-1.535164177456664,-1.1685426689243312,-0.5929574489777801,0.2202554852805002
-0.939067025528304,-1.0553180243549498,-0.7853681371195582,-0.3010709862683047
-0.4430265691500068,-0.2525205333186755,0.0337547798666028,0.537478087558041
0.0341745734574831,-0.8558902747012486,-1.0043259098432038,-2.5249067702653436
1.0567177463067603,1.6091351682670592,1.052019646988149,0.8050193329207213
0.2672030992690022,-1.4476101996311987,-1.9665851326060289,0.0451097660930096
0.0236991747110637,-1.3617771648324355,-1.7363801427889156,0.4509070249104104
-1.075958319701609,-0.7964269798039352,-0.3057544481667097,-1.2441139843715934
0.5183342118570107,-1.1363465307366905,-1.5981507583366057,-1.101740321973746
-0.2531198713368095,-0.0771623548165782,0.1321773935086264,-2.149758391099832
1.5059245010247175,-0.5591674388948019,-1.2396123009970952,-0.0800886366812004
1.83253144291219,0.9536023339276632,0.1154178873800822,0.5567283250154692
-0.2002014686035874,1.6973942618752482,1.936001855195884,0.8433259946514305
1.4878605570493468,0.7140517290534243,0.0547043966095492,0.7059091681720738
-1.653854086491695,-0.96088652976668,-0.1562177802593023,-3.469688879771297
0.0190879072725832,-0.1915471949109223,-0.1578687959568553,-0.3469798364631185
0.0340062698251895,0.7396368394002792,0.8498641296343012,0.6529629618527673
0.2259196761452986,0.0906987939294089,0.051758519194304,-0.4665978823400245
-1.5665637681079494,-0.7028201187147312,0.1872678040878228,0.4279712361200139
0.2272465202732663,-0.9784791875749382,-1.2591627565186203,-0.0561092728770203
2.030564316081718,0.1775696728735949,-0.6671827065434628,-1.3403969139889202
-0.342552065090128,-0.0507417293578084,0.2175697875319236,0.4062629130291064
-0.1736893826531548,2.4075677087044354,2.545640498916528,0.7882369844921862
0.1060628025195514,1.5959015386122375,1.6234421875955332,0.5418670997586044
-2.4822614392200153,-1.0801600605949078,0.3639558392062965,0.2243793341981712
0.3063586877690577,0.201832000347959,0.1292460460674647,0.6287682919244011
-0.8609837891621044,-0.9532856890346424,-0.6741473890487156,0.4294072444150637
0.7548614776224448,0.2498182408143624,-0.0512967703670297,-0.1994753853813609
0.3960974855949923,0.2776279181242054,0.1616635462576299,0.4990247283940404
0.169022200958833,0.4465399842520222,0.4660319968610513,0.4290789635535877
1.4530384259538915,0.4895857312286344,-0.1381566147026262,0.7086323460414516
1.6011607893375717,0.8702613708406465,0.1443453079685386,0.1287071874201522
-0.1911579294285174,-0.4965118556933984,-0.4179660364308105,0.7534947890759209
-0.2289725047792878,1.1177983255984614,1.4039936089458562,-0.2476017194441472
-0.778955175516219,2.536035388480962,3.189098181572281,1.0257999429975837
0.800451439123643,0.2726081256485446,-0.0501856292341961,-0.4382229193205275
0.7184249041604888,0.6451343084440572,0.3630111867305985,0.6106350659937132
-0.9446965632025294,-0.5888394642223562,-0.0924937502694166,0.7991268359147273
-0.6108787626169525,0.9157942253365544,1.4791021329347838,0.691438700216605
-0.8664071256957407,-1.0241477370192569,-0.7791905870064743,-0.3527577946375725
-0.824995314198116,-0.2382545876666204,0.2974551627391696,0.4476094950045106
-1.8364999725969675,0.1312530598809355,1.627131937002065,-0.4013242695491966
-0.2276072501896872,-0.0895468000634464,0.1023871452596548,-0.3025352712478897
1.3006613697972005,1.0784451668085857,0.4689207970505084,0.9414132565868712
0.9087300117281626,0.3660591729048704,-0.0081549214825009,0.6122954218718534
-0.0578015651324174,-0.275734713069652,-0.2164635800431271,0.1384256652253498
0.8127439172270576,0.6618092869245257,0.3301238550991479,0.1088557706241247
0.2141283259685847,-0.4314829114436715,-0.546231655000441,-0.0322535815326508
0.0597963932862468,-0.2587919959536985,-0.2594347865586555,0.5730086645162862
-1.161506785169535,-1.0339000078279648,-0.616220964062322,-0.3584287005838509
0.6882633152865567,0.5715108088514399,0.3066697308431305,0.0985390306675372
1.6958002999702333,0.808164671338604,0.0474620294542928,0.4807279785042271
-0.1874793012524414,1.188975135064562,1.444624266282859,0.8383804237925102
-0.0584214265978551,1.0897707057765893,1.2587415647089533,0.7246161759161049
0.491538377544954,0.5579179962795234,0.3983451225491619,0.4631788503335711
1.1825662899069056,0.8833105295363372,0.3520146242779351,0.3438987442977674
-0.0732681055680511,1.5061425917739932,1.666109269326131,0.6040531713329872
-0.762516320076519,0.63083756914236,1.2879211232269931,0.4360026847516568
0.1960634923887461,0.35137738518174,0.3501912684734057,0.4214582692404705
-1.6566488752095756,-0.8696016715710178,-0.0048688175186816,0.5401394490990801
-0.6743234614002105,-0.1724513444642129,0.280076734683993,0.5479324861787963
-1.6546590830641514,0.1248950135266594,1.4392841946257993,0.7707940239108092
1.0423144061806624,-1.2274110772885436,-1.913808534470506,-0.4850430088674105
-0.836552141443382,-0.7335088567615011,-0.3658365170236934,-1.2312495540940491
-0.0047806422651438,-0.6096977361424608,-0.6601125794639547,0.0856206463633913
0.9033698571067604,-0.1904688965421591,-0.5886109428813681,-0.1165591690284349
-0.2724992506837878,1.652642583362812,1.94919726867186,0.6437318742409949
1.5193614065499332,1.2712459876457125,0.5294898735772353,0.7075952117380359
0.4765163270210055,0.9952136224958724,0.8327866496601772,0.3149972478789588
-1.0127587328523278,-1.0238657471837738,-0.6922814037855435,-0.973659991734945
0.2340873207150081,-0.7227038850193832,-0.9208376858964056,-2.946363037166301
1.059744371159549,0.6210431790711902,0.1676338152416098,0.6482616117417389
-1.0373654371936778,-1.0596075037970365,-0.733705704300566,0.5215370861381794
-0.8462109741642261,-1.0216741239631038,-0.7870174109208041,-3.2673401974344243
-0.3855645988944607,-0.7549610036490461,-0.6554193115231854,-0.1569526397216834
-0.6694786041096422,-1.2554959403259345,-1.2511220201614617,-0.9430789542164209
1.2996546642077411,0.5237718854113724,-0.0374241055054428,0.6655170557489978
-0.0400135833424823,-1.1785779564624608,-1.429312513616001,-0.1710546824783393
0.2250571795072509,-0.1642800673148073,-0.2353540865416826,-0.166045751126163
-1.0517978835544255,-0.9992244729952804,-0.6299507953924866,0.1820271022856798
0.6108435860086971,0.6966665254902106,0.4706097387839648,0.2259881636497024
0.4879475917789704,0.6124105307374751,0.4547944328616436,0.7267162225783856
0.7317997459507903,-1.0109439590045015,-1.5082714244860331,0.3488825601705471
0.2616090894982046,0.0725902841467718,0.0125527470214969,-0.5163363042393853
-0.6349414635811991,-0.5822867025335081,-0.2780314589756011,0.2977549380658323
-0.9456524050784872,-1.2492198201716005,-1.0939888767905124,-1.578687480204199
1.7402537448849382,0.671151080460654,-0.0942615584434503,0.4289928615089365
1.522802361470779,-0.2494588042681692,-0.905934327950336,0.3051650537272797
-0.7792170691420751,1.096919161643254,1.802600081146756,0.5839967281314818
-0.1066127481391112,-0.290794154593319,-0.2079459350482874,0.4173408134535101
0.0434601679102545,0.2932564876723257,0.3760921307788222,0.4264761145088601
-3.2103657483825483,-1.5832213612144053,0.0891929822797888,-0.5112287498361399
0.8368210082812848,0.7139373199538811,0.3677575256412387,0.7250202140047692
-1.22098939887218,-0.7380051906155861,-0.1211839475049491,0.2396004881462251
0.8261654896311332,0.5159452044140648,0.1812055760056397,0.5082945741358608
-0.372738591664824,-0.9261015110929692,-0.9023894103361304,-1.5970812577351137
-0.0211803479919312,2.547365574003156,2.5431068222933173,0.789835441432043
-0.2889086994570273,-1.186287709474219,-1.3281904600617824,-0.2871914505016198
0.6043579244179366,-1.4665946669795769,-2.116556084836679,-0.7872920560335759
0.0609620636716234,2.036325830950514,2.04641303808404,0.8670441942080208
-0.0094656835262116,1.0791074321234204,1.2155901822918416,0.8450968578856529
-0.7510016254340511,-1.2180799529308093,-1.1484560036002982,0.7759199810075894
0.4588669427731989,-1.1931091263073734,-1.6558414193535584,0.4614060477736439
0.2284739710065495,-0.1209897076340495,-0.1873901771998421,0.5244784765126365
0.1723785404571207,1.7084635730844109,1.6793221882976852,0.9474088318836136
-0.1703945651185854,-0.3623899074791536,-0.2606359331607852,0.3054735516605807
-0.0360316063578506,-1.1360571346046122,-1.3680859377405723,0.3600872525716269
-0.4709789428367554,2.262355509947007,2.665166967850622,0.7711842336745559
-1.2461479244516365,-1.1439417150927642,-0.7417596341804608,-3.5558766184504744
-1.2578624878203983,-1.162677366437794,-0.7655748704326549,-0.005640178873597
0.2148724934974841,-1.2430067657851471,-1.6324980077174116,0.0943705842215627
1.1911702967465476,0.7426948900819232,0.2186230696951559,0.5555299500076682
-3.0824893206911823,-1.4990427237218706,0.1389608461935665,-1.238930916245385
0.2742568622295778,-0.5684292551686698,-0.7437979318554241,-0.1159141387907971
-0.7095089552936832,-0.6290940877523016,-0.2969680779859177,0.3773577271580378
-0.1342915941272112,0.865692328807852,1.086669918802504,0.6986503657863307
-0.6178737986203461,1.9585515459920249,2.514948605052373,0.9909317774302996
1.2259971823572884,-0.4956312341896484,-1.0631429938357868,-1.5847400836593906
-0.7632163597113812,-1.0060972862733677,-0.8104093916480786,-1.769092649692403
-1.0710314201510591,-1.0942163726750165,-0.7685843876684672,-1.3951087684778796
0.5515586339205828,0.0576012937067341,-0.153586090267521,-0.4236528436087541
-0.3996420488598619,-0.7809979568728674,-0.6838053945760414,-1.4822622301120771
-0.4208853643102782,-1.284049466436309,-1.418710314781633,-0.8584417598866338
0.9250145977597894,0.4812648150958598,0.0980903012777525,0.3726260114898176
-0.6523224918926546,1.3606855288691806,1.9676147028189797,0.958778542007738
-1.411893728815647,-0.400826663355963,0.5097674457345395,-0.2940909008801513
-0.7155135744892142,-0.8915032035191188,-0.6664277676841063,-1.254830707440436
0.0628095646573628,0.0234122051614985,0.0663281074005373,0.2302863564049528
-0.6229423628275915,0.4101992884714781,0.9372123817123325,0.7154514234674483
0.913312921409069,-1.1417491921377134,-1.7515353886951086,-0.2009112884918752
0.4762743281024664,0.0944181631993769,-0.0758491945978454,0.6882477655254644
-0.1009819104360966,1.3378445035686513,1.527260476773541,0.7065974918863138
0.2323563849626933,-0.1822856101040565,-0.2599300140354298,0.3762567493574304
0.3393273436656104,-1.2429472608445475,-1.6818596386359068,-0.1524777914886914
0.4440754170527205,1.447083272782957,1.2686657525440297,0.6838877212704674
0.5095498676168296,0.6466903046878429,0.4769115026008768,0.2845273791145316
1.423228346255553,-0.2093909051735896,-0.8248521737730707,0.408509094304398
-0.2335121266044545,0.5836741041684985,0.8599325534588065,0.8477376960863063
-3.015703080095461,-1.37128452261425,0.3561936673127589,-0.6832386718794232
0.3188945993753982,-0.4304013610286691,-0.5959699669930264,-0.4410240471681463
-2.827116235928618,-1.5755983704372494,-0.3293149229809763,-0.734685400713668
-0.1022079995341523,-0.1561067346010794,-0.048807923790084,-0.339318484032574
0.3697965792985547,-1.05176465103952,-1.420727785888243,-3.825984151657984
-1.0272089687192696,-0.0376626096735981,0.6981389732461177,0.60701950565152
1.2326862696800165,1.2111590830700734,0.6188809982268801,0.9664277180322774
-0.2272932738381196,0.0976222492644763,0.320089330355963,0.4434299671441996
0.5906207422788894,0.5035167236079918,0.2904223729450854,0.5929235781736528
0.2171244596521105,1.428893626889253,1.3967360905259794,0.9431867796552812
1.770279120893728,0.8245421104314096,0.0297020611155636,0.6865505646506217
0.0332167609526674,1.26795913889478,1.3686495245875157,0.7340277247117997
0.116689498659751,-1.197624866205303,-1.524806892273564,-4.111376543461683
-0.314552108212619,0.0842292128199241,0.358464396401071,0.7503102481343358
0.5047320300400262,-0.9004120978414456,-1.2712928597299211,0.5689340658089101
0.7323991477371792,1.2240568641366925,0.8973793146950377,0.5442756621955214
0.5616966527441818,-0.9202534341136808,-1.3208528800059918,-0.0828925858171162
1.6349282614574203,0.7438503063263288,0.0165606381201092,0.8981453325653337
-0.7587801039947841,-0.7061230988652448,-0.3744503165579044,0.2440689081522612
-0.22976875661224,1.301813475049762,1.5844701045543137,0.8633786053681484
1.1917147457259156,0.6526713679197902,0.134339945785109,0.2010522894455757
-2.9569048357292607,-1.7078671334066542,-0.5194682728348162,0.2096495109896121
-1.3923878517798518,-0.9945612019059532,-0.4007084910467667,0.6324835547699382
0.4358483934565235,-1.246290401306296,-1.7240762956139928,0.1145844407590316
0.7664269531428815,0.9258096193209736,0.60502567661238,-2.565508499311001
1.802657686836398,1.7844838691170954,0.8116539234011493,0.1323589670438563
-0.3295721519583638,2.0372436043792033,2.346072261971722,0.8407655825779748
-0.1131807527746913,-0.5086936103381974,-0.4751380262007938,0.6091164639390114
0.380057724226231,0.3200984426695185,0.2149983537792648,-0.0299930149424185
-0.7655497244769539,-1.198019329165913,-1.1084964151407068,-2.4197993772883812
-0.8435449979364236,-0.9626753650600528,-0.6985615326432728,0.8568660241556236
0.6550230445997393,0.665674849158603,0.4166102998889044,-0.077158213881183
0.7537459976908248,1.1042083193908552,0.7766950259304436,0.8947858224760312
0.0819200538399023,-0.2392550902990576,-0.2479700808551912,0.4335452039175409
-0.123323176285017,0.1527724123516135,0.319852059707104,0.1467683689647549
-0.0098189772577533,1.378064716849021,1.501904669788297,0.4984935980378916
0.7522415733360219,0.5193992610864804,0.222105543815417,0.3381792756802311
-0.5784397930919715,1.1075172061948482,1.652819004396952,0.3331135975895354
-1.1103892601105276,-0.8124722451728442,-0.3071347998563978,0.3239256403389251
0.8817997738938552,-0.9781703837559924,-1.5213739217165123,-0.3049765773197289
-0.9891291654432852,-1.1512786444642096,-0.9089579551961668,-0.4806594761184658
-2.660557969758398,-1.582268436270721,-0.5096386487958833,-1.101789403786196
-0.2396384280465363,0.4960614186861646,0.7702187015719328,-1.0696409130792115
0.6854068987325517,0.5263418687256135,0.2634578924934635,0.7321703840295332
-0.1628217261546783,1.001904478828156,1.2428723570380815,0.9211341697697096
-0.6024935380220939,-0.7179374187857527,-0.483351011283071,-0.5698937660342109
1.5300377609466418,0.8272969476034373,0.138062164241177,0.1883243771870531
0.0232460215291297,0.1495569275997951,0.2301721154299421,-2.1442001552482877
1.0700419141284176,0.8230690765722192,0.3522337135381324,0.0726281715685641
0.5522058783990735,0.5843727656211487,0.3917873499448658,0.17131638521814
0.4689915407771036,0.3520499859052109,0.2005442738396572,0.6127692529315059
-0.7532345882317293,-0.8927232068075429,-0.6465408516135432,0.5916320101021889
-1.1552110668710438,-1.143980878977812,-0.7982522715259265,-3.3237013256370624
1.1124421198029673,0.6103139531296468,0.1320458383097116,0.5907012477423159
0.5839039396978456,-1.0184193393567875,-1.461045490206115,-0.9386742802689
-0.7347674568801258,-0.9764653785728604,-0.7816557081273093,0.3122517127780762
0.607718828325026,0.6849932061320416,0.4609143920268183,0.925937682229382
0.4581862749225192,-0.5978097298401754,-0.8649454332920031,-10.32293434710595
-1.5938488256622183,-1.2594565845068173,-0.7122570822194115,-2.278499422975764
-0.9173947713017236,-0.964091895800232,-0.6571713599252537,-2.0487509064106035
0.5812525679047603,-0.1894328658187717,-0.4404788826343989,-1.603592628210769
0.4082482308575393,0.146886264361755,0.0158873098544297,0.7149500478880371
-0.9498061236314528,-0.969662016691176,-0.6462836362040805,-0.1309771363941625
-1.322631694445763,-1.3053949281494328,-0.9696913575428197,-0.9787916109164266
-1.4068202324336498,-1.315723566506839,-0.9355131038166872,-0.7957368073743876
0.5971333993670617,-1.3653993551483337,-1.9597244809792496,-0.0653126040594873
-0.9622459656476496,-0.2818177017380355,0.3357680425892534,-0.4071221442071369
-1.0606849922409431,-0.7680228284607412,-0.2736818609809646,-0.1873001685139978
0.0956112018372444,-0.507741571661309,-0.5812717975462197,0.2671821594249275
-0.1656283351972558,1.7597130858646377,1.9672312071329987,0.8025392088365264
0.2238483497207882,-1.2005467181600595,-1.5734148621821462,-0.1873246334692812
0.0326009130032086,1.3222061481452827,1.4203637153827056,-0.286220021568612
0.613923397956364,0.2730613362015071,0.0431453092879148,0.6883206918811594
0.3120805198564536,-0.2827486045480232,-0.4172041143185239,-0.0328652073546202
-1.4349648836664477,-1.250034838585539,-0.8016291466924841,-0.7284655339244531
-0.564485524888276,-0.6644658592787102,-0.4314537740860854,0.7973504995981219
-1.1549989963955127,-1.120942501321856,-0.7606608369947497,-1.43480317032319
-0.1783920508499165,0.6919236743047257,0.9374700115405954,0.5795802826423625
-0.4054737369855531,-0.6843854086838674,-0.5482104562168533,-0.9319602652527116
-0.6275842834330297,0.9082992694862032,1.4840361718751809,0.8184534162402732
-0.7261438249122876,-0.6007637396010778,-0.2478538598624125,0.2141939514183462
-0.5187564407877777,-0.099464999924785,0.2692733905209088,0.6038679666540652
0.0745389106835364,-0.2011240047945151,-0.1990376443706636,-0.2552692845449386
-0.2913261217750296,0.6920275179130316,1.0131852592680783,0.7273599117242254
0.5463773248155315,0.222418041350843,0.024724070168036,0.3812411879779314
-0.1231436868969274,1.7145455390778492,1.8944199458392577,0.8849210314019207
-1.797660464001933,-1.2812629700170353,-0.6074314891110589,-0.2089800924534635
1.3359463467337385,-0.984500608587642,-1.690041237085944,0.0030982462366722
0.6528474878651148,0.1285170603502788,-0.1278858359833833,0.4889949446283194
0.4449269113392497,0.7387351269209049,0.603764407400826,0.4297198588606825
1.9722546758860533,1.5364394815179407,0.5366714172390472,0.7436988274110147
0.4235115124254877,0.3760942866981238,0.2498882127250373,0.7052784711796232
0.2053430569709046,1.496474497886587,1.466214531062776,0.4258135332693106
0.0035873833355909,0.9835570826990307,1.113345198046252,0.8735164487345535
2.1798526747030227,1.5597668320294056,0.4630612082804463,0.9351302254891384
0.6385716876207714,-0.4147380972677994,-0.7256174791567821,0.2191920587648425
-0.1242824751093578,0.1904900163419264,0.3627184717496556,0.5662767440841313
0.7364147263548184,0.0791172313759205,-0.2208505464977734,0.2199529814959875
-0.0826853179955867,0.3330503610963486,0.4947624735712632,0.3299753322650991
-0.1341828669271055,-0.1777232630665403,-0.0564151254192762,0.7027887730568018
0.9109624098070443,0.7539845474026264,0.3677720400817675,0.7464191740633449
0.2947521405546363,0.1027667931580752,0.0279873007324662,0.0109037962389956
0.7857968749988493,0.5241233823816734,0.209663213363586,-0.7204074141291024
0.963492022697738,0.6271196845703786,0.2206142495444282,0.2011628354291433
1.094162911736465,1.0759303921948615,0.5700099736475377,0.7725889576038611
-0.2278704613127321,-0.8595742081548762,-0.8821040761038832,-1.851855520844022
0.9788799191774158,-0.915456652335605,-1.4761938848731573,-0.8242765768786582
0.3168669278832791,-1.1889635665823448,-1.5940733809831726,-0.8527005549403996
-0.9277565513872555,-1.003683193591656,-0.7117537558249736,0.433659102901148
-1.094838203947112,0.9334152496943472,1.8973382736951632,0.8881936542113328
-0.0264939344376956,1.8828022774800193,1.975161148749882,0.9457446348279976
-0.9517033790660382,-1.0799578428267682,-0.8167319794839228,-1.2897480595318631
0.5850516974114053,-0.5014416981379609,-0.8044447794518058,-1.054251346337224
-0.0246846308193453,-0.1321596740652794,-0.0640046125240191,-0.4281271763700159
1.9101320105170472,0.6665547769227504,-0.1691658171969186,-2.2035852399763094
-0.5153262840210007,-0.807171162822972,-0.657483471312734,-2.1336287454262406
0.3627457397816158,0.2595720071930343,0.1604834271324261,0.6596778244240464
0.7092339450141948,0.8415810688358828,0.556659241863016,-0.0647880882753785
-0.6147755517166704,1.3837794023360808,1.959955510458611,0.8620162714332582
-2.769462562910832,-1.2473966736973885,0.3381595609712743,-0.5696562060363723
-0.1929478664846944,-0.5622232363475879,-0.5014628538711422,-0.3309976663665399
