ID,Target
1488,5
2611,0
749,5
99,5
11298,3
868,5
5382,2
1491,5
3813,1
10659,3
12210,3
9419,6
13549,3
6452,4
10287,3
3635,1
12216,3
9055,6
2615,0
10086,3
5438,2
4684,2
6482,4
11189,3
3379,1
410,5
4395,2
10120,3
1430,5
5437,2
6670,4
487,5
937,5
11266,3
6315,4
3467,1
8638,6
10304,3
1114,5
6835,4
9976,6
181,5
1766,5
2109,0
7219,4
8116,6
2487,0
10260,3
8724,6
385,5
9724,6
3060,0
8075,6
3082,0
6742,4
6875,4
7949,6
11467,3
3615,1
6927,4
3495,1
13548,3
5701,4
1769,5
7613,6
9505,6
1433,5
11531,3
6170,4
3647,1
10363,3
6286,4
8197,6
457,5
7095,4
9619,6
8358,6
2055,0
12241,3
6153,4
9285,6
10072,3
102,5
2534,0
5860,4
12550,3
2128,0
10323,3
8398,6
4365,2
3221,0
10298,3
6427,4
5858,4
7889,6
3705,1
13443,3
6357,4
12741,3
9159,6
7713,6
1482,5
9432,6
1650,5
4256,2
1368,5
6727,4
4028,2
8269,6
11316,3
7550,6
11599,3
8546,6
1197,5
9906,6
8614,6
5835,4
8718,6
2425,0
5071,2
10234,3
450,5
11226,3
3107,0
9073,6
7953,6
2531,0
1261,5
7978,6
1579,5
5883,4
12456,3
11233,3
11572,3
7051,4
7034,4
6214,4
5967,4
7144,4
3706,1
5711,4
5324,2
8658,6
8807,6
2320,0
177,5
1383,5
9186,6
4993,2
1626,5
9970,6
7229,4
7364,4
1175,5
11993,3
360,5
4029,2
10496,3
3526,1
12366,3
10866,3
2087,0
9912,6
4118,2
1953,5
902,5
1621,5
8215,6
5847,4
11514,3
169,5
13245,3
12135,3
5899,4
9750,6
927,5
624,5
5030,2
4696,2
6051,4
63,5
6929,4
10826,3
7903,6
10031,6
10264,3
7435,6
11076,3
7671,6
12083,3
9533,6
3065,0
455,5
7787,6
8886,6
8596,6
6818,4
1083,5
8370,6
11857,3
13050,3
8285,6
8847,6
6373,4
2525,0
9583,6
4162,2
9607,6
3070,0
13462,3
795,5
2714,0
2980,0
3550,1
7828,6
7061,4
13259,3
10728,3
10637,3
7290,4
6302,4
4244,2
4860,2
8198,6
6145,4
2412,0
2267,0
168,5
12659,3
7434,6
1006,5
9169,6
6209,4
10832,3
12208,3
9359,6
1705,5
4477,2
8879,6
7187,4
12397,3
2095,0
4226,2
10567,3
1328,5
1086,5
12657,3
4984,2
4127,2
9791,6
10399,3
5740,4
7007,4
7153,4
10906,3
2334,0
13098,3
10820,3
862,5
3921,2
12184,3
2701,0
5875,4
977,5
353,5
8994,6
6931,4
10690,3
6182,4
2206,0
5824,4
11889,3
6096,4
10337,3
8470,6
8183,6
4410,2
6292,4
13253,3
747,5
10865,3
12365,3
1512,5
993,5
12859,3
4100,2
5566,4
6584,4
10360,3
3128,0
3231,0
3355,1
12811,3
12045,3
7894,6
11236,3
5140,2
5061,2
8447,6
9434,6
4533,2
8499,6
7320,4
6162,4
10259,3
4048,2
10836,3
9740,6
8063,6
4246,2
2455,0
11937,3
6756,4
7136,4
10959,3
3463,1
7040,4
5168,2
399,5
4115,2
3143,0
11254,3
5664,4
7369,4
8239,6
11919,3
7975,6
2227,0
10651,3
1002,5
1688,5
5667,4
6973,4
5183,2
1743,5
1617,5
1326,5
11326,3
8760,6
7510,6
9371,6
4053,2
7284,4
10122,3
7042,4
6984,4
7317,4
8302,6
4638,2
4093,2
6498,4
1684,5
12162,3
11440,3
5234,2
11179,3
8098,6
2039,0
3299,0
8243,6
2459,0
5196,2
7401,4
4231,2
6192,4
6532,4
10024,6
7070,4
8479,6
10942,3
3798,1
6415,4
9706,6
13386,3
7220,4
1253,5
5905,4
5716,4
2848,0
3307,0
7660,6
1022,5
6350,4
9825,6
10237,3
8274,6
9814,6
1983,5
8965,6
12355,3
9930,6
6827,4
3980,2
6618,4
6705,4
9141,6
1795,5
6794,4
10772,3
11731,3
9883,6
8610,6
7630,6
10312,3
12960,3
11481,3
13427,3
9373,6
1310,5
6271,4
7450,6
13442,3
3290,0
9643,6
5386,2
2692,0
3090,0
542,5
3745,1
8,5
13110,3
12316,3
9712,6
8124,6
6872,4
2856,0
1562,5
6954,4
12801,3
4602,2
4738,2
7078,4
2688,0
1954,5
5120,2
10202,3
4914,2
5129,2
13153,3
11893,3
9542,6
8979,6
12745,3
1085,5
2351,0
8517,6
5144,2
12019,3
533,5
3477,1
10378,3
7324,4
1599,5
3919,2
3613,1
6804,4
4089,2
772,5
9612,6
13011,3
5290,2
7286,4
10191,3
12487,3
8035,6
4863,2
12380,3
12591,3
5494,2
12402,3
11811,3
7775,6
11058,3
9690,6
10625,3
4240,2
811,5
9757,6
12884,3
1358,5
6496,4
4822,2
586,5
6597,4
13033,3
4417,2
5639,4
11012,3
1945,5
2955,0
2417,0
12143,3
13185,3
2589,0
10113,3
13420,3
304,5
7341,4
8200,6
7458,6
9161,6
311,5
900,5
3585,1
7838,6
4948,2
1078,5
8346,6
3753,1
6148,4
6041,4
2144,0
10645,3
11821,3
13174,3
12417,3
7627,6
3422,1
11153,3
8170,6
12802,3
10007,6
3485,1
3860,1
9205,6
12033,3
3851,1
10877,3
7735,6
248,5
8998,6
2948,0
5107,2
4716,2
2034,0
3684,1
12575,3
1655,5
518,5
70,5
2348,0
9892,6
1697,5
11079,3
3752,1
3079,0
12645,3
2117,0
4168,2
3000,0
8769,6
5436,2
7475,6
1475,5
8478,6
12046,3
10114,3
5559,4
12684,3
10452,3
1385,5
4509,2
4688,2
4901,2
1783,5
11345,3
1602,5
9577,6
2609,0
13215,3
1606,5
4320,2
9997,6
13288,3
10701,3
11944,3
217,5
9221,6
13482,3
11580,3
608,5
4708,2
6418,4
2366,0
1730,5
10449,3
6436,4
10375,3
184,5
9081,6
3492,1
11839,3
3532,1
11317,3
8261,6
12238,3
7738,6
4075,2
6061,4
2924,0
592,5
6421,4
218,5
3946,2
13088,3
4024,2
12248,3
4667,2
2157,0
4202,2
8731,6
4609,2
11899,3
4829,2
7877,6
8131,6
12622,3
1225,5
8882,6
6983,4
8065,6
4900,2
13112,3
4220,2
7142,4
4295,2
8204,6
4281,2
9443,6
13091,3
3592,1
3608,1
13563,3
2183,0
12896,3
6964,4
6072,4
9303,6
13537,3
9688,6
11532,3
4981,2
7388,4
9296,6
10119,3
7773,6
5337,2
4436,2
7810,6
12253,3
113,5
6798,4
1393,5
9778,6
7795,6
11953,3
12080,3
1010,5
35,5
12090,3
5496,2
47,5
11158,3
4793,2
7425,4
11378,3
5474,2
11822,3
8904,6
12540,3
3184,0
6877,4
1844,5
7675,6
12369,3
8778,6
6189,4
5768,4
8254,6
7685,6
12564,3
9402,6
7741,6
5098,2
5263,2
6225,4
8845,6
10691,3
5924,4
10418,3
8489,6
8403,6
13263,3
4705,2
11784,3
9544,6
9628,6
884,5
538,5
2919,0
9694,6
10417,3
9632,6
10388,3
2876,0
1713,5
3111,0
9616,6
4463,2
2554,0
13097,3
9736,6
10358,3
7794,6
7233,4
8140,6
11518,3
7195,4
3017,0
9674,6
12058,3
4540,2
12247,3
10430,3
2527,0
12902,3
6264,4
9316,6
3421,1
379,5
9252,6
12311,3
5148,2
8672,6
11863,3
10214,3
8060,6
6196,4
1534,5
2122,0
5554,4
2616,0
1373,5
8993,6
7410,4
10973,3
6478,4
4325,2
3751,1
9754,6
8813,6
11841,3
7030,4
1061,5
10071,3
4851,2
4953,2
6234,4
167,5
290,5
3855,1
3842,1
10798,3
8317,6
5964,4
8634,6
7466,6
2816,0
12731,3
10475,3
10888,3
7529,6
11286,3
9926,6
2119,0
4936,2
8165,6
10920,3
5537,4
7089,4
8939,6
8278,6
3821,1
9187,6
13354,3
7711,6
4862,2
4128,2
7640,6
9033,6
247,5
6883,4
2036,0
6734,4
13456,3
8819,6
9784,6
8337,6
12545,3
12640,3
8678,6
511,5
4974,2
6044,4
2596,0
6522,4
2859,0
11509,3
3902,2
8496,6
9178,6
7315,4
2512,0
1372,5
11255,3
7224,4
9858,6
10783,3
135,5
7732,6
3068,0
11733,3
4397,2
1297,5
12423,3
4129,2
6762,4
4217,2
8288,6
13566,3
2400,0
1662,5
2145,0
8720,6
11492,3
11962,3
4394,2
3702,1
4877,2
7991,6
41,5
5022,2
3025,0
10411,3
13498,3
9525,6
4111,2
6138,4
5459,2
2271,0
11294,3
4982,2
13406,3
12512,3
9136,6
1107,5
12862,3
7559,6
13303,3
3652,1
9319,6
12998,3
12450,3
13455,3
7391,4
7772,6
7727,6
3409,1
833,5
8067,6
4015,2
3059,0
872,5
5582,4
4896,2
1453,5
5531,4
1457,5
8054,6
9613,6
12035,3
1346,5
2201,0
5960,4
5503,4
12120,3
10458,3
284,5
1965,5
7301,4
2929,0
10649,3
8579,6
2680,0
5123,2
173,5
13529,3
2020,5
13084,3
3434,1
4094,2
4313,2
6556,4
720,5
6346,4
6440,4
2301,0
8163,6
9746,6
13178,3
8510,6
7110,4
11884,3
8171,6
6084,4
11602,3
3780,1
9261,6
8947,6
9839,6
12803,3
9210,6
12409,3
13564,3
7855,6
8374,6
11582,3
2807,0
1039,5
2439,0
6959,4
9230,6
5990,4
12388,3
3105,0
2753,0
11384,3
4105,2
7360,4
7068,4
10280,3
5945,4
8951,6
11078,3
1483,5
12025,3
13325,3
3988,2
8229,6
6978,4
9066,6
8223,6
6193,4
11618,3
8205,6
119,5
7038,4
3210,0
7066,4
4296,2
9981,6
5350,2
10799,3
9578,6
8607,6
468,5
13222,3
5270,2
4521,2
12835,3
4077,2
9982,6
657,5
5278,2
4905,2
11925,3
1880,5
3204,0
12672,3
4382,2
2477,0
3708,1
12001,3
7920,6
12603,3
11002,3
13378,3
704,5
4622,2
9318,6
5725,4
1921,5
357,5
4194,2
3328,0
10299,3
1470,5
8460,6
7873,6
150,5
2182,0
431,5
6497,4
7313,4
2954,0
10990,3
5980,4
6594,4
3465,1
2081,0
2189,0
11216,3
10972,3
11502,3
13126,3
8806,6
7720,6
11960,3
3519,1
7704,6
10970,3
11900,3
3154,0
12595,3
1213,5
5130,2
3623,1
10891,3
2067,0
8985,6
3963,2
7625,6
2312,0
6887,4
4457,2
6282,4
1351,5
13299,3
7556,6
7496,6
2988,0
33,5
5272,2
12687,3
13603,3
2357,0
9332,6
7248,4
925,5
12798,3
9987,6
908,5
5657,4
4374,2
4454,2
4392,2
2342,0
1586,5
5224,2
9313,6
13607,3
764,5
3386,1
5532,4
2676,0
6987,4
2677,0
5703,4
978,5
13355,3
50,5
13559,3
12036,3
4353,2
5328,2
9857,6
4292,2
8525,6
5118,2
8416,6
13218,3
1964,5
12696,3
9484,6
12641,3
11648,3
8291,6
3546,1
4810,2
5900,4
5380,2
5942,4
396,5
12314,3
7416,4
4750,2
10897,3
2655,0
9368,6
9815,6
930,5
817,5
434,5
8875,6
1035,5
4484,2
11318,3
3975,2
200,5
1121,5
3043,0
3314,0
251,5
1634,5
8744,6
9090,6
7964,6
4963,2
3989,2
3680,1
1139,5
10141,3
149,5
13192,3
1217,5
10419,3
9606,6
1530,5
9365,6
763,5
9543,6
3844,1
12252,3
8188,6
3889,2
1659,5
6948,4
9545,6
3694,1
10308,3
13609,3
2595,0
10741,3
83,5
8608,6
11319,3
1683,5
8606,6
10683,3
12153,3
429,5
7514,6
5375,2
6066,4
11065,3
1402,5
7093,4
9571,6
13331,3
293,5
5364,2
2435,0
10444,3
637,5
9249,6
653,5
6825,4
2444,0
13538,3
6462,4
4069,2
7013,4
4629,2
8369,6
4731,2
4791,2
10349,3
12938,3
8558,6
8466,6
103,5
2628,0
1157,5
3297,0
10806,3
2270,0
3187,0
13294,3
9413,6
647,5
6706,4
5125,2
10184,3
10610,3
5019,2
8997,6
5006,2
9595,6
5466,2
12435,3
12401,3
543,5
3509,1
12449,3
12476,3
9220,6
8359,6
12191,3
6499,4
2167,0
741,5
6133,4
7963,6
15,5
8961,6
6561,4
3857,1
9416,6
3938,2
2019,5
7791,6
6595,4
9548,6
714,5
5512,4
2662,0
12538,3
4190,2
2452,0
12459,3
8660,6
11273,3
839,5
2303,0
12193,3
3614,1
3573,1
4754,2
7120,4
1320,5
9355,6
10941,3
744,5
932,5
1142,5
12818,3
13312,3
5376,2
10843,3
9868,6
2456,0
7562,6
8756,6
12970,3
10101,3
530,5
1516,5
7387,4
12738,3
5489,2
8111,6
12111,3
3858,1
8949,6
5635,4
2177,0
6760,4
7149,4
2952,0
8117,6
8180,6
895,5
11398,3
13338,3
828,5
10840,3
1226,5
2998,0
1791,5
11519,3
13532,3
5504,4
12737,3
4960,2
535,5
8955,6
7019,4
7100,4
2407,0
12146,3
8330,6
6083,4
4672,2
1178,5
3660,1
4250,2
6630,4
5841,4
3063,0
4843,2
3482,1
2254,0
6174,4
1043,5
13379,3
3100,0
373,5
5032,2
7608,6
12652,3
1623,5
2485,0
5836,4
10465,3
11263,3
3909,2
1489,5
11099,3
7890,6
4691,2
11283,3
10014,6
2664,0
2215,0
12453,3
185,5
13441,3
6750,4
9937,6
12231,3
7405,4
10310,3
1978,5
6194,4
10730,3
12716,3
11770,3
10068,3
5202,2
11077,3
3877,2
11971,3
2582,0
13020,3
3746,1
2319,0
3703,1
3341,0
4501,2
2495,0
6693,4
2673,0
4336,2
8530,6
1236,5
4999,2
3325,0
4058,2
10814,3
676,5
5756,4
10708,3
11719,3
11958,3
921,5
13466,3
1182,5
2760,0
2012,5
221,5
9618,6
1327,5
4830,2
4635,2
7018,4
9099,6
8552,6
10984,3
8644,6
333,5
8145,6
11651,3
6505,4
4139,2
6613,4
2390,0
2900,0
1739,5
8336,6
11831,3
9406,6
5613,4
12852,3
2323,0
8697,6
11851,3
9498,6
8762,6
9142,6
7438,6
724,5
8167,6
13269,3
4096,2
6662,4
5479,2
9536,6
10235,3
3295,0
447,5
10596,3
5751,4
9272,6
4881,2
8814,6
4504,2
9403,6
7107,4
5743,4
7669,6
683,5
3411,1
12698,3
875,5
10254,3
10062,6
9468,6
13487,3
4012,2
13152,3
11311,3
6935,4
5312,2
9425,6
9699,6
914,5
6861,4
12806,3
7722,6
4722,2
5844,4
6649,4
4393,2
12973,3
11529,3
8494,6
12897,3
4184,2
13257,3
2058,0
1237,5
5857,4
7484,6
101,5
9798,6
7836,6
6967,4
5508,4
9199,6
1355,5
979,5
1799,5
2325,0
3275,0
12868,3
3528,1
1493,5
10266,3
1153,5
907,5
12266,3
3595,1
1323,5
8929,6
1989,5
9117,6
7377,4
3508,1
10650,3
10780,3
8827,6
3542,1
11035,3
6492,4
9609,6
7440,6
5804,4
5952,4
4148,2
19,5
1593,5
10956,3
2578,0
7251,4
6765,4
6108,4
321,5
7459,6
2375,0
7228,4
13075,3
7471,6
11904,3
10420,3
12721,3
10607,3
8816,6
6641,4
12096,3
263,5
5749,4
4816,2
4921,2
6517,4
9663,6
12123,3
3704,1
8972,6
473,5
4398,2
6605,4
3950,2
11235,3
3120,0
6017,4
3679,1
2777,0
1418,5
8701,6
2913,0
11556,3
7406,4
7207,4
6021,4
1665,5
11417,3
1575,5
3011,0
12707,3
8862,6
12225,3
1247,5
4746,2
2085,0
3131,0
8400,6
5271,2
6143,4
12992,3
13141,3
4084,2
850,5
6290,4
12466,3
5598,4
5933,4
8265,6
11256,3
11331,3
7191,4
4342,2
11280,3
10187,3
13160,3
1768,5
3069,0
967,5
13302,3
1935,5
2264,0
8531,6
95,5
13062,3
9597,6
10588,3
7974,6
9864,6
7163,4
59,5
7803,6
3678,1
5046,2
10655,3
13311,3
9837,6
2448,0
2337,0
1701,5
461,5
2865,0
5687,4
13542,3
2054,0
3643,1
5519,4
5226,2
2124,0
11110,3
12037,3
3794,1
398,5
7590,6
12962,3
11501,3
327,5
10609,3
1053,5
8695,6
9360,6
3244,0
4064,2
4826,2
10967,3
1807,5
6186,4
8147,6
330,5
8121,6
12494,3
9488,6
613,5
1282,5
7820,6
9209,6
11625,3
14,5
8791,6
4233,2
4985,2
2769,0
9245,6
2478,0
3166,0
9378,6
611,5
11364,3
7532,6
12240,3
10221,3
3692,1
11702,3
7990,6
5284,2
6248,4
13066,3
2656,0
5640,4
13565,3
6572,4
4407,2
11590,3
7781,6
7908,6
3031,0
6866,4
3366,1
4112,2
2507,0
970,5
9228,6
2471,0
2069,0
8339,6
12451,3
4269,2
9535,6
2388,0
10962,3
11196,3
7841,6
12094,3
7762,6
5781,4
8459,6
6945,4
4257,2
2805,0
1740,5
13557,3
8506,6
8271,6
10762,3
13195,3
1744,5
10484,3
12157,3
11781,3
1166,5
3819,1
2021,5
12113,3
12817,3
6431,4
5001,2
12860,3
4663,2
6243,4
7298,4
11936,3
9287,6
1111,5
9582,6
708,5
10508,3
7702,6
4411,2
10051,6
12174,3
9915,6
1347,5
8076,6
8424,6
4879,2
3351,1
10694,3
1208,5
8534,6
424,5
554,5
944,5
12341,3
8413,6
6657,4
5921,4
4462,2
7960,6
4606,2
6092,4
10140,3
9148,6
7588,6
10539,3
4387,2
10335,3
10860,3
573,5
3441,1
1984,5
3478,1
3499,1
6050,4
4308,2
5363,2
2874,0
3942,2
6405,4
1957,5
7252,4
11243,3
68,5
11097,3
10884,3
12214,3
2009,5
12804,3
2232,0
7265,4
4333,2
6330,4
12978,3
12751,3
1595,5
12989,3
6896,4
11301,3
3527,1
4122,2
732,5
245,5
4549,2
9669,6
12408,3
7436,6
10581,3
2788,0
4739,2
7182,4
2536,0
11232,3
7749,6
6743,4
673,5
7539,6
5632,4
4375,2
12742,3
476,5
10095,3
11181,3
4081,2
9440,6
9565,6
5013,2
8231,6
1611,5
6575,4
3312,0
12785,3
1508,5
6377,4
1350,5
7198,4
2910,0
5771,4
9646,6
7936,6
6918,4
9234,6
13539,3
4125,2
812,5
12627,3
8550,6
10029,6
6088,4
4165,2
10802,3
3013,0
7757,6
9992,6
5985,4
9029,6
6029,4
1427,5
2405,0
7356,4
2766,0
7578,6
3045,0
8515,6
1413,5
114,5
6037,4
2704,0
13486,3
9030,6
230,5
9747,6
7599,6
6842,4
7635,6
2796,0
4659,2
6011,4
1520,5
6181,4
3208,0
3116,0
214,5
4783,2
13082,3
4098,2
12084,3
10126,3
6167,4
4730,2
696,5
6400,4
9758,6
6523,4
6720,4
11433,3
11275,3
11545,3
3656,1
11134,3
10712,3
9354,6
2619,0
11094,3
5723,4
4010,2
1923,5
13149,3
6580,4
3015,0
5117,2
736,5
5785,4
11388,3
13061,3
6466,4
10146,3
3323,0
11828,3
4209,2
2802,0
10261,3
8349,6
3540,1
7333,4
1747,5
1498,5
5292,2
3501,1
8651,6
4850,2
13148,3
11402,3
2798,0
31,5
8196,6
3785,1
8504,6
10409,3
3834,1
12013,3
5206,2
4237,2
12406,3
9920,6
12086,3
12866,3
3251,0
2984,0
483,5
9379,6
13437,3
2974,0
8253,6
4265,2
8450,6
9336,6
13500,3
2150,0
6724,4
11941,3
2029,0
6879,4
10624,3
5425,2
5195,2
2894,0
13436,3
5763,4
5862,4
8665,6
5707,4
9665,6
12317,3
299,5
13064,3
3193,0
1408,5
1722,5
2818,0
7376,4
2002,5
9695,6
3948,2
1414,5
2236,0
499,5
668,5
13416,3
7077,4
6552,4
6253,4
1580,5
11482,3
12188,3
2746,0
5286,2
5620,4
7492,6
303,5
6562,4
11597,3
1018,5
11418,3
10944,3
6475,4
1786,5
2184,0
4447,2
6714,4
6607,4
5957,4
10747,3
9893,6
9394,6
12513,3
9846,6
5572,4
13164,3
5834,4
4299,2
3194,0
3846,1
4526,2
11387,3
13136,3
8854,6
4412,2
2483,0
2995,0
8446,6
10243,3
4337,2
3037,0
1068,5
13377,3
8803,6
5908,4
12561,3
9969,6
11031,3
6105,4
13220,3
8948,6
553,5
12287,3
10092,3
11732,3
6178,4
465,5
6870,4
1720,5
2698,0
10577,3
2420,0
8641,6
7261,4
7442,6
10477,3
12979,3
7336,4
6161,4
9213,6
11860,3
9395,6
4834,2
3707,1
9774,6
6277,4
420,5
10665,3
2629,0
6252,4
8221,6
1496,5
1047,5
10565,3
7664,6
856,5
8926,6
3146,0
6817,4
12251,3
11270,3
11767,3
7924,6
5465,2
6335,4
820,5
1643,5
6020,4
10572,3
107,5
367,5
8283,6
8983,6
3522,1
3424,1
2442,0
9058,6
5034,2
7216,4
6206,4
3316,0
510,5
700,5
13476,3
11048,3
1277,5
9420,6
4201,2
39,5
11489,3
11288,3
3837,1
2344,0
12398,3
6839,4
12099,3
3668,1
9603,6
4004,2
346,5
3852,1
4026,2
474,5
12903,3
11574,3
12171,3
12293,3
11921,3
6515,4
7551,6
11371,3
5304,2
971,5
5584,4
11131,3
5079,2
12382,3
13344,3
1201,5
6369,4
36,5
5589,4
4665,2
11827,3
11004,3
7145,4
9629,6
12499,3
13594,3
11963,3
1288,5
7881,6
13165,3
3024,0
1746,5
2966,0
3305,0
9315,6
6216,4
9630,6
11805,3
11192,3
2308,0
6830,4
210,5
1950,5
651,5
1396,5
11504,3
6074,4
3014,0
1670,5
3570,1
11667,3
9875,6
9683,6
3859,1
13205,3
9222,6
484,5
898,5
1732,5
4682,2
6485,4
10149,3
10472,3
1250,5
6703,4
4102,2
13531,3
8888,6
11456,3
5830,4
13093,3
582,5
6977,4
9844,6
3315,0
9441,6
762,5
4972,2
1870,5
11421,3
5044,2
9599,6
738,5
7268,4
6520,4
3578,1
13523,3
9421,6
6385,4
2771,0
2957,0
750,5
10872,3
7072,4
1839,5
4480,2
1275,5
6205,4
9193,6
6747,4
9574,6
3571,1
13359,3
8545,6
4807,2
5998,4
9479,6
1369,5
740,5
9430,6
10766,3
1188,5
12201,3
6802,4
1570,5
11172,3
12064,3
2127,0
11305,3
5643,4
1981,5
3691,1
2826,0
3658,1
10057,6
2057,0
5681,4
12588,3
2754,0
10638,3
10591,3
9453,6
3447,1
5399,2
2927,0
11525,3
7965,6
13058,3
3169,0
5822,4
562,5
9019,6
5803,4
9993,6
1669,5
12152,3
11413,3
6258,4
2996,0
3971,2
11329,3
9038,6
12437,3
10834,3
7507,6
12690,3
2310,0
180,5
5221,2
3445,1
2218,0
8382,6
1955,5
1057,5
10387,3
8794,6
1399,5
9088,6
4614,2
9573,6
7308,4
3833,1
3912,2
9085,6
11745,3
1210,5
7808,6
2909,0
2238,0
5219,2
11610,3
11985,3
4341,2
2899,0
6201,4
5549,4
5912,4
8934,6
6378,4
1434,5
13593,3
92,5
7150,4
9818,6
9733,6
12081,3
5165,2
6152,4
6220,4
12876,3
10085,3
6699,4
13425,3
9880,6
1084,5
428,5
12485,3
5070,2
6018,4
9878,6
3800,1
9999,6
9448,6
408,5
8262,6
1608,5
3080,0
5958,4
5800,4
9243,6
9623,6
8376,6
8487,6
4119,2
949,5
4962,2
11873,3
3881,2
10765,3
5837,4
10366,3
4903,2
5920,4
13508,3
3563,1
5909,4
1421,5
12518,3
2791,0
819,5
4706,2
8310,6
11988,3
9329,6
13463,3
9164,6
1285,5
3576,1
12374,3
2751,0
4965,2
1091,5
6925,4
73,5
8500,6
3016,0
9921,6
13277,3
12145,3
291,5
7033,4
8211,6
10115,3
2089,0
13405,3
1801,5
12475,3
7534,6
12636,3
6503,4
318,5
6425,4
4489,2
10157,3
8362,6
1825,5
10770,3
11368,3
144,5
13447,3
10196,3
4617,2
3448,1
11446,3
6908,4
1830,5
5931,4
85,5
13571,3
1219,5
5910,4
10487,3
2453,0
8973,6
9520,6
5502,4
12014,3
594,5
13000,3
10978,3
10098,3
10711,3
11885,3
13199,3
12755,3
9770,6
61,5
3693,1
9626,6
9717,6
2501,0
10782,3
11253,3
12531,3
8798,6
13504,3
11452,3
2519,0
11029,3
958,5
3387,1
1513,5
2290,0
4954,2
1479,5
7132,4
10427,3
10788,3
11463,3
8268,6
7582,6
7075,4
9357,6
10285,3
12262,3
4536,2
7222,4
3616,1
11477,3
10263,3
127,5
8410,6
10819,3
7782,6
7807,6
9121,6
6624,4
13183,3
6997,4
275,5
5833,4
9554,6
1272,5
12164,3
10370,3
2470,0
7346,4
1897,5
4747,2
12554,3
13363,3
6417,4
8408,6
715,5
9581,6
8423,6
1118,5
8514,6
2473,0
4074,2
4604,2
2316,0
5406,2
5522,4
10530,3
6000,4
8040,6
4475,2
4664,2
6392,4
10602,3
2991,0
12012,3
8431,6
1864,5
8048,6
6611,4
10180,3
8290,6
2864,0
13096,3
733,5
11355,3
10104,3
2457,0
4359,2
5038,2
4219,2
9636,6
3455,1
10199,3
5828,4
11844,3
3646,1
6557,4
3898,2
4639,2
7386,4
13570,3
5937,4
6590,4
4101,2
12331,3
2820,0
6270,4
6569,4
13266,3
6784,4
7649,6
5886,4
11879,3
9229,6
1793,5
1692,5
3838,1
11234,3
5787,4
493,5
5477,2
157,5
7852,6
13352,3
13323,3
2614,0
7746,6
2287,0
9191,6
9119,6
965,5
13256,3
7472,6
2252,0
13582,3
438,5
11200,3
3461,1
1614,5
11720,3
4794,2
3213,0
6730,4
11898,3
12940,3
756,5
3547,1
1090,5
5610,4
5817,4
5076,2
3288,0
7998,6
7893,6
4600,2
9188,6
8674,6
12059,3
9023,6
3991,2
4560,2
7506,6
1878,5
13155,3
13389,3
10910,3
1119,5
13090,3
13120,3
8059,6
3781,1
4073,2
8900,6
3425,1
11095,3
4641,2
2631,0
1432,5
7231,4
5493,2
2174,0
6860,4
2102,0
3611,1
6127,4
3268,0
1934,5
9895,6
12788,3
7310,4
10052,6
5453,2
8883,6
758,5
11886,3
829,5
4099,2
6824,4
8149,6
2447,0
11866,3
11205,3
5511,4
5250,2
9928,6
5220,2
9929,6
3698,1
5062,2
1459,5
6329,4
13224,3
7771,6
4189,2
7316,4
3206,0
5434,2
7918,6
8507,6
134,5
9515,6
13515,3
9375,6
8420,6
799,5
11994,3
427,5
11115,3
11006,3
11748,3
11437,3
9801,6
12158,3
3378,1
1255,5
5674,4
7502,6
4553,2
11569,3
2318,0
6912,4
12718,3
8391,6
4502,2
12255,3
12333,3
6664,4
8289,6
3375,1
6554,4
6473,4
11071,3
3728,1
12610,3
9412,6
3021,0
10305,3
0,5
8654,6
12213,3
7199,4
10087,3
6247,4
13556,3
9896,6
6545,4
10021,6
2928,0
7422,4
5612,4
11049,3
11655,3
2018,5
3289,0
3772,1
11051,3
3886,2
6014,4
4520,2
3038,0
5932,4
5950,4
8963,6
6560,4
8354,6
4351,2
8498,6
5306,2
5562,4
216,5
4872,2
4315,2
10346,3
3601,1
866,5
12100,3
43,5
17,5
11159,3
8295,6
1883,5
8444,6
9068,6
10412,3
11369,3
11515,3
7344,4
7417,4
7840,6
7146,4
5460,2
4702,2
12664,3
5456,2
259,5
443,5
8361,6
4786,2
2884,0
532,5
10926,3
4676,2
7760,6
11073,3
13172,3
11587,3
12492,3
430,5
13042,3
2328,0
13139,3
8626,6
577,5
12650,3
11209,3
12068,3
4842,2
11909,3
10502,3
1698,5
761,5
13534,3
796,5
2993,0
10669,3
11445,3
7593,6
12074,3
11850,3
11165,3
2546,0
1941,5
11967,3
12631,3
6118,4
12276,3
9942,6
11709,3
12483,3
9082,6
4040,2
10316,3
591,5
3910,2
7765,6
3559,1
1041,5
8722,6
4104,2
2517,0
2221,0
9902,6
8937,6
9304,6
10073,3
12589,3
3669,1
10685,3
13206,3
960,5
3076,0
5684,4
3344,0
3233,0
883,5
4238,2
10153,3
10036,6
8051,6
9781,6
11199,3
8516,6
12300,3
5411,2
13036,3
7947,6
9648,6
3077,0
8156,6
2450,0
8384,6
9755,6
13460,3
10670,3
11786,3
3222,0
1160,5
11615,3
11069,3
10918,3
7821,6
2154,0
13381,3
3873,2
4097,2
10758,3
2742,0
3872,2
13076,3
12110,3
12665,3
11643,3
7180,4
5023,2
4149,2
1147,5
9671,6
2858,0
7540,6
8568,6
11654,3
10434,3
1886,5
623,5
1339,5
13454,3
11262,3
10341,3
8866,6
4147,2
4878,2
1501,5
11558,3
2935,0
4618,2
2992,0
7254,4
11137,3
12514,3
6114,4
7420,4
6650,4
13246,3
13369,3
6684,4
6660,4
5528,4
4772,2
6281,4
7591,6
5513,4
9809,6
12602,3
8260,6
10557,3
11376,3
4695,2
4170,2
7919,6
1472,5
7058,4
6345,4
5333,2
4789,2
7976,6
3617,1
8925,6
12799,3
10451,3
2210,0
13211,3
578,5
1511,5
9156,6
12200,3
5404,2
7412,4
414,5
6853,4
6956,4
5770,4
12179,3
426,5
621,5
2094,0
4767,2
2380,0
8890,6
2340,0
265,5
8206,6
3207,0
10601,3
9856,6
11868,3
3955,2
5246,2
6472,4
4714,2
10069,3
2088,0
13123,3
2142,0
9568,6
9891,6
8990,6
1082,5
1671,5
3334,0
3027,0
9297,6
12085,3
3724,1
12861,3
1971,5
2608,0
4123,2
7887,6
6786,4
694,5
6778,4
11570,3
6389,4
5614,4
9601,6
9899,6
4329,2
8485,6
5981,4
5066,2
2882,0
11342,3
12040,3
10742,3
6965,4
11926,3
12694,3
5357,2
8710,6
11339,3
3773,1
1463,5
8870,6
376,5
10368,3
10354,3
2216,0
9450,6
11995,3
9673,6
2968,0
11087,3
12224,3
12424,3
3891,2
7724,6
13473,3
8405,6
2392,0
3817,1
2484,0
7865,6
12975,3
8430,6
2046,0
4338,2
1254,5
952,5
9392,6
10707,3
9025,6
7464,6
2932,0
8441,6
10325,3
1718,5
10333,3
6087,4
9251,6
3058,0
8000,6
9796,6
4885,2
8786,6
13102,3
6399,4
6518,4
2564,0
3958,2
6906,4
4918,2
1536,5
1056,5
1146,5
3689,1
1937,5
5769,4
1031,5
11496,3
8009,6
3372,1
4952,2
4400,2
6491,4
6834,4
2543,0
96,5
2474,0
2684,0
2522,0
5885,4
4301,2
2239,0
5955,4
7300,4
4590,2
1042,5
2389,0
4291,2
10571,3
1592,5
2391,0
4091,2
4328,2
7293,4
6903,4
13204,3
3101,0
9387,6
5654,4
13410,3
2901,0
3,5
8324,6
12548,3
7706,6
11129,3
11682,3
9563,6
3710,1
3433,1
11444,3
9620,6
439,5
13324,3
9707,6
13304,3
10080,3
3098,0
13398,3
3651,1
6199,4
88,5
11381,3
2576,0
5902,4
8704,6
8280,6
4759,2
274,5
1281,5
10841,3
10777,3
10678,3
5349,2
11642,3
4720,2
12351,3
13604,3
4013,2
9490,6
6237,4
6325,4
5747,4
415,5
9248,6
2250,0
9097,6
5186,2
13572,3
5805,4
710,5
12846,3
9622,6
407,5
5916,4
7698,6
11203,3
3214,0
4106,2
2893,0
13383,3
9635,6
9271,6
5400,2
4215,2
6913,4
3437,1
12486,3
13025,3
8282,6
1523,5
8693,6
1110,5
11178,3
1406,5
10045,6
8625,6
9072,6
11108,3
12719,3
13560,3
9672,6
2559,0
7801,6
12546,3
12927,3
5814,4
633,5
3599,1
4919,2
2168,0
5151,2
6333,4
10950,3
131,5
8093,6
10661,3
9936,6
10704,3
6113,4
774,5
11538,3
12198,3
1631,5
2333,0
10043,6
11358,3
2540,0
469,5
10909,3
5259,2
5689,4
12432,3
9696,6
11585,3
11017,3
5863,4
12148,3
7289,4
598,5
13601,3
563,5
1905,5
12018,3
6141,4
12849,3
1576,5
3404,1
6658,4
8091,6
2764,0
7553,6
3393,1
4046,2
13048,3
79,5
1694,5
6991,4
2372,0
11695,3
7626,6
5359,2
9625,6
9276,6
12181,3
5846,4
3545,1
5321,2
12948,3
2091,0
9676,6
1904,5
7202,4
2837,0
3132,0
5264,2
2498,0
1851,5
5371,2
2030,0
2588,0
12930,3
12403,3
8604,6
1145,5
3978,2
4890,2
9562,6
10560,3
10059,6
8462,6
852,5
1494,5
9278,6
6862,4
2464,0
4448,2
5225,2
1805,5
2288,0
387,5
10955,3
2937,0
11578,3
188,5
1123,5
6306,4
10514,3
6130,4
4401,2
4441,2
9308,6
10612,3
1594,5
7457,6
11503,3
500,5
4679,2
5928,4
8842,6
6654,4
2231,0
9716,6
2633,0
12906,3
11943,3
11415,3
590,5
5008,2
6672,4
9604,6
6950,4
2075,0
4303,2
13610,3
8364,6
5396,2
5702,4
9049,6
777,5
5358,2
2347,0
3369,1
12322,3
1194,5
9279,6
7076,4
9910,6
3520,1
2304,0
11147,3
11027,3
10947,3
8593,6
1113,5
2982,0
656,5
3254,0
7134,4
5683,4
4420,2
10398,3
13281,3
13518,3
10192,3
10870,3
2813,0
4653,2
565,5
4740,2
1803,5
7883,6
3488,1
13391,3
840,5
1642,5
10483,3
6598,4
4983,2
9512,6
2666,0
8119,6
46,5
1149,5
7637,6
2943,0
9390,6
9024,6
765,5
12280,3
3418,1
5294,2
1566,5
3274,0
11825,3
10269,3
5430,2
7895,6
2620,0
12542,3
5440,2
2613,0
8540,6
3026,0
7811,6
10152,3
10846,3
3954,2
1011,5
4874,2
6027,4
4721,2
6213,4
6717,4
3429,1
2685,0
13445,3
8686,6
4367,2
3449,1
4949,2
911,5
9006,6
4352,2
11560,3
8911,6
5114,2
11673,3
11386,3
11449,3
2727,0
1345,5
1444,5
9016,6
12203,3
8394,6
6157,4
4083,2
2422,0
9301,6
2732,0
80,5
11439,3
6697,4
5993,4
335,5
4894,2
7958,6
13301,3
3469,1
1572,5
9317,6
11797,3
879,5
13231,3
12827,3
1509,5
1896,5
3487,1
5936,4
8377,6
3474,1
7816,6
1845,5
9624,6
111,5
472,5
12543,3
7495,6
10822,3
6311,4
9728,6
8118,6
12699,3
5099,2
11330,3
1183,5
7067,4
2861,0
5267,2
13071,3
9877,6
2108,0
10212,3
8878,6
9842,6
8122,6
9689,6
4110,2
4245,2
9980,6
11124,3
8237,6
4043,2
11264,3
12091,3
4871,2
9212,6
11987,3
5688,4
11669,3
11013,3
3219,0
9363,6
2186,0
12994,3
8217,6
7085,4
1193,5
45,5
13356,3
11389,3
976,5
11596,3
6741,4
1578,5
8903,6
9522,6
2963,0
9932,6
8249,6
1584,5
3995,2
7728,6
12106,3
6909,4
13298,3
1975,5
6223,4
4768,2
5412,2
315,5
11679,3
13137,3
9438,6
9050,6
10619,3
7039,4
2840,0
1624,5
6955,4
4347,2
6729,4
7565,6
2315,0
3822,1
12695,3
5163,2
10471,3
1071,5
3755,1
3984,2
12523,3
13373,3
2404,0
12233,3
3035,0
6363,4
409,5
7044,4
37,5
2286,0
576,5
13530,3
3468,1
3562,1
2973,0
10116,3
12139,3
713,5
13073,3
6634,4
4605,2
1087,5
4685,2
2335,0
7292,4
8480,6
10639,3
1454,5
6300,4
3804,1
8113,6
881,5
2906,0
1710,5
12023,3
10290,3
9638,6
6101,4
9145,6
2245,0
8628,6
12730,3
6567,4
6740,4
6512,4
6107,4
8379,6
13533,3
239,5
7955,6
11018,3
11795,3
5553,4
1597,5
8779,6
1097,5
394,5
9810,6
1901,5
10383,3
9384,6
12283,3
1180,5
13175,3
1911,5
4403,2
3353,1
8909,6
3006,0
2214,0
11972,3
2781,0
6176,4
10329,3
8679,6
5692,4
9567,6
4193,2
5790,4
2879,0
8670,6
5653,4
6735,4
8728,6
12022,3
12922,3
8014,6
5733,4
4643,2
10951,3
1691,5
13422,3
6790,4
5424,2
6904,4
123,5
9876,6
1952,5
11665,3
7463,6
12758,3
3997,2
9095,6
8774,6
3413,1
4785,2
11144,3
906,5
9697,6
12630,3
3118,0
11361,3
9647,6
5049,2
4031,2
5996,4
13348,3
7523,6
1891,5
6753,4
5848,4
8455,6
295,5
11737,3
1046,5
10864,3
8037,6
7366,4
7255,4
1785,5
10446,3
286,5
5418,2
9385,6
1758,5
5514,4
1284,5
10923,3
6479,4
12197,3
11507,3
7225,4
8635,6
9173,6
12088,3
3033,0
567,5
6769,4
11374,3
549,5
8759,6
9321,6
5058,2
5478,2
1731,5
3574,1
10371,3
6259,4
10241,3
12250,3
3887,2
13113,3
10727,3
2648,0
2586,0
11334,3
12422,3
12327,3
6025,4
7688,6
3160,0
5609,4
6577,4
7665,6
10511,3
6307,4
3480,1
2377,0
11166,3
4288,2
9290,6
4527,2
10844,3
3115,0
10239,3
7334,4
6832,4
2025,5
12016,3
8978,6
12559,3
12412,3
10946,3
11009,3
2585,0
1303,5
3282,0
8899,6
7273,4
10023,6
6791,4
5809,4
6098,4
13397,3
7288,4
12579,3
9737,6
5369,2
9305,6
1613,5
10692,3
6608,4
10561,3
2015,5
5152,2
7932,6
4092,2
4414,2
13558,3
8650,6
2981,0
7948,6
467,5
13247,3
11888,3
13600,3
4450,2
12167,3
381,5
106,5
8797,6
6384,4
2638,0
4779,2
12030,3
12480,3
3717,1
10355,3
411,5
10585,3
8426,6
12263,3
5050,2
11760,3
12069,3
5385,2
4861,2
12839,3
4176,2
4019,2
12305,3
1503,5
11699,3
9835,6
7402,4
10957,3
13012,3
6939,4
10750,3
7682,6
12823,3
1862,5
12581,3
13037,3
12087,3
2360,0
5767,4
8872,6
2133,0
8653,6
8844,6
2406,0
29,5
5758,4
8940,6
12759,3
2801,0
11188,3
4513,2
2922,0
5180,2
8876,6
568,5
11671,3
6695,4
10815,3
10369,3
1245,5
12474,3
7171,4
1458,5
1943,5
1835,5
11785,3
316,5
108,5
6104,4
4519,2
5431,2
4344,2
8099,6
10220,3
11966,3
7981,6
10599,3
10663,3
13316,3
1748,5
7580,6
4216,2
6586,4
7780,6
2678,0
12281,3
11427,3
2715,0
5020,2
13043,3
8802,6
8344,6
8184,6
4348,2
7393,4
6045,4
4742,2
5893,4
5595,4
4649,2
12853,3
1398,5
9460,6
973,5
6023,4
10244,3
4156,2
11109,3
9133,6
11184,3
7784,6
7053,4
5331,2
11032,3
6076,4
5035,2
7670,6
3721,1
7652,6
1374,5
3088,0
12047,3
11617,3
3941,2
8962,6
8572,6
5601,4
2458,0
9075,6
4819,2
10671,3
5257,2
6878,4
10,5
10179,3
11474,3
3944,2
1426,5
12175,3
3265,0
7615,6
10855,3
718,5
7210,4
10489,3
8141,6
12638,3
10317,3
12598,3
7839,6
735,5
6147,4
10012,6
323,5
6348,4
2140,0
5852,4
7302,4
9558,6
909,5
2627,0
9216,6
10327,3
3399,1
496,5
10377,3
8495,6
6865,4
9353,6
9486,6
8528,6
3470,1
1206,5
4003,2
11945,3
5706,4
5556,4
7272,4
1195,5
11173,3
13459,3
10076,3
1423,5
4192,2
11020,3
9923,6
7899,6
12537,3
8248,6
288,5
9147,6
10515,3
8805,6
11454,3
10067,3
6053,4
9511,6
5028,2
5239,2
388,5
836,5
10537,3
9527,6
280,5
9551,6
9824,6
12050,3
11878,3
7586,6
11373,3
6435,4
1112,5
5327,2
3931,2
11721,3
11396,3
3784,1
12880,3
1034,5
4035,2
5279,2
267,5
5697,4
11764,3
1598,5
13261,3
13505,3
7926,6
4404,2
4693,2
8300,6
6651,4
8855,6
6387,4
3048,0
9152,6
10896,3
1379,5
5992,4
4464,2
10476,3
11161,3
5090,2
10718,3
416,5
4556,2
6848,4
3371,1
1962,5
3790,1
620,5
3894,2
1703,5
8127,6
10503,3
6688,4
6134,4
3473,1
3776,1
7372,4
5199,2
1232,5
12809,3
6880,4
10208,3
8074,6
10569,3
8868,6
9698,6
10688,3
2516,0
8768,6
10441,3
3094,0
5896,4
7691,6
1190,5
12194,3
12166,3
6119,4
4640,2
11753,3
8166,6
8602,6
6433,4
4459,2
10144,3
9559,6
1506,5
5146,2
11798,3
8066,6
10163,3
9939,6
13049,3
8581,6
13273,3
9800,6
794,5
11999,3
730,5
1344,5
7785,6
8675,6
5792,4
11227,3
2626,0
5372,2
10413,3
5568,4
1745,5
1315,5
3853,1
10859,3
5826,4
13282,3
2709,0
12945,3
13451,3
8062,6
2675,0
1199,5
10976,3
7447,6
13030,3
9059,6
7001,4
3126,0
1156,5
7589,6
12275,3
1889,5
6820,4
8681,6
13184,3
11567,3
32,5
6759,4
11405,3
10575,3
8663,6
1336,5
6459,4
12272,3
5821,4
11660,3
7864,6
10008,6
9734,6
1610,5
939,5
10318,3
4455,2
4023,2
10753,3
9611,6
11089,3
10035,6
745,5
5646,4
7383,4
1486,5
2877,0
3884,2
8898,6
605,5
1741,5
12692,3
1533,5
2651,0
6069,4
12051,3
11026,3
4701,2
3002,0
1821,5
7634,6
10790,3
1330,5
11075,3
6438,4
957,5
2110,0
11380,3
10592,3
3130,0
5861,4
3405,1
7767,6
12387,3
13376,3
1660,5
1026,5
3827,1
10132,3
13345,3
12114,3
655,5
9826,6
13384,3
6536,4
7283,4
2199,0
2960,0
5473,2
11836,3
10390,3
9294,6
9150,6
1405,5
9813,6
2625,0
8304,6
12031,3
6177,4
8541,6
3148,0
7642,6
2873,0
12028,3
11908,3
7770,6
8373,6
6682,4
76,5
5987,4
8137,6
12270,3
2260,0
1775,5
5169,2
93,5
11526,3
4007,2
10928,3
7524,6
10881,3
3181,0
4828,2
1076,5
2338,0
4814,2
1885,5
11552,3
12177,3
10440,3
4755,2
2759,0
13319,3
12894,3
4030,2
3352,1
1437,5
1233,5
7063,4
5775,4
5605,4
7925,6
2465,0
7623,6
5665,4
449,5
4339,2
3621,1
2317,0
2185,0
1890,5
1155,5
7433,6
9422,6
8518,6
1728,5
11930,3
9965,6
6398,4
13095,3
10226,3
4923,2
2503,0
7087,4
2463,0
7558,6
2846,0
8015,6
4191,2
1612,5
11019,3
2191,0
1729,5
12429,3
9485,6
8741,6
13317,3
10542,3
8247,6
4047,2
12715,3
13517,3
9139,6
13449,3
4561,2
6086,4
2755,0
2492,0
3139,0
7335,4
7700,6
5735,4
3272,0
11595,3
10904,3
2889,0
788,5
7250,4
4751,2
5746,4
10732,3
6224,4
12847,3
5174,2
12017,3
11629,3
1780,5
6347,4
2959,0
12297,3
10839,3
349,5
12929,3
12041,3
3349,1
42,5
801,5
3529,1
10968,3
981,5
3458,1
5340,2
9143,6
8657,6
7612,6
11716,3
10242,3
12484,3
10725,3
8144,6
916,5
1616,5
4608,2
5820,4
2146,0
1833,5
4950,2
12003,3
4562,2
10584,3
4743,2
8812,6
9797,6
782,5
4467,2
7900,6
8823,6
11466,3
2401,0
9417,6
4205,2
2152,0
5156,2
2947,0
9270,6
7800,6
4925,2
9863,6
4442,2
10804,3
5216,2
3023,0
3541,1
3279,0
12956,3
7733,6
4660,2
2804,0
2211,0
6125,4
6876,4
11498,3
3133,0
11014,3
5181,2
8225,6
2107,0
8764,6
11842,3
3973,2
4429,2
3034,0
7181,4
3286,0
2367,0
8715,6
10479,3
440,5
12814,3
6071,4
12176,3
12539,3
13524,3
1224,5
9494,6
2592,0
3247,0
11213,3
6073,4
5714,4
9452,6
2691,0
4132,2
10868,3
5040,2
2249,0
2552,0
4959,2
7200,4
12246,3
3649,1
8045,6
8982,6
8796,6
6013,4
6676,4
1360,5
3196,0
2037,0
486,5
10687,3
783,5
12503,3
5914,4
10464,3
3238,0
13182,3
9995,6
4438,2
8917,6
13574,3
8603,6
11441,3
11524,3
1915,5
6921,4
6550,4
3464,1
2138,0
8655,6
10779,3
742,5
13479,3
13007,3
6463,4
7242,4
12574,3
3442,1
4978,2
2847,0
8270,6
8169,6
8313,6
9376,6
11215,3
8471,6
7968,6
11146,3
1834,5
8621,6
9549,6
11429,3
10833,3
5838,4
4764,2
11982,3
6407,4
8576,6
3003,0
23,5
7508,6
3524,1
9967,6
4580,2
8203,6
1309,5
7488,6
7131,4
3475,1
789,5
12909,3
10827,3
3284,0
5381,2
2514,0
4385,2
9968,6
10039,6
5922,4
12999,3
10529,3
13237,3
3688,1
1395,5
4630,2
4515,2
13535,3
4671,2
8388,6
13243,3
6180,4
10892,3
7234,4
4884,2
7862,6
3301,0
11631,3
12495,3
11321,3
9615,6
712,5
4279,2
6461,4
7753,6
11448,3
1822,5
12320,3
6211,4
10786,3
11924,3
11734,3
12647,3
1977,5
10825,3
3264,0
10710,3
252,5
12079,3
2098,0
12920,3
11874,3
3671,1
6338,4
9870,6
4416,2
12822,3
5677,4
5106,2
7533,6
13005,3
5764,4
10797,3
7646,6
11542,3
5715,4
7074,4
11933,3
13520,3
7049,4
8582,6
13401,3
56,5
3412,1
8536,6
2855,0
10336,3
2986,0
8380,6
5145,2
9036,6
12887,3
10721,3
6187,4
7934,6
12310,3
2188,0
5379,2
4049,2
9514,6
4508,2
9004,6
7456,6
3544,1
519,5
7188,4
9480,6
6775,4
5766,4
227,5
7113,4
9084,6
9162,6
10099,3
12710,3
9894,6
1699,5
13527,3
11812,3
1877,5
513,5
8839,6
4802,2
8730,6
12773,3
5082,2
8296,6
4947,2
6137,4
12376,3
2916,0
480,5
8484,6
10050,6
2577,0
12864,3
12635,3
7541,6
10218,3
5623,4
10203,3
1596,5
10608,3
3896,2
9605,6
1349,5
5354,2
9931,6
3777,1
10074,3
7399,4
8193,6
12525,3
9566,6
10374,3
6351,4
12321,3
2762,0
13375,3
12770,3
3685,1
3602,1
7572,6
9487,6
1446,5
5128,2
1020,5
705,5
5309,2
1866,5
6128,4
5444,2
4832,2
10657,3
2574,0
10999,3
2956,0
3742,1
3914,2
9974,6
1419,5
1103,5
5228,2
6690,4
11385,3
1558,5
7203,4
11059,3
5709,4
11639,3
3523,1
4542,2
12508,3
3400,1
13177,3
8153,6
11431,3
6504,4
6032,4
2652,0
8902,6
9701,6
11039,3
11084,3
10705,3
292,5
2836,0
9955,6
13545,3
10504,3
2870,0
7443,6
5999,4
9585,6
9039,6
9705,6
1318,5
2730,0
8938,6
9481,6
8267,6
10373,3
12419,3
2228,0
6914,4
4418,2
11564,3
12008,3
12329,3
5727,4
356,5
10155,3
11744,3
4584,2
837,5
266,5
2006,5
7306,4
9854,6
2362,0
5761,4
9107,6
11204,3
9940,6
5880,4
10643,3
826,5
8863,6
4253,2
5025,2
12116,3
6946,4
1441,5
3066,0
8757,6
2748,0
7111,4
7606,6
3061,0
7799,6
7271,4
11399,3
1963,5
3125,0
4889,2
11242,3
1127,5
12055,3
10723,3
5318,2
9182,6
11902,3
12870,3
5155,2
1543,5
3263,0
7752,6
8881,6
2268,0
10164,3
13361,3
8368,6
132,5
11528,3
10632,3
603,5
11743,3
8743,6
393,5
12458,3
5015,2
10680,3
3928,2
10020,6
4902,2
11804,3
8539,6
6494,4
2277,0
5344,2
3234,0
12621,3
3498,1
4870,2
7325,4
5843,4
9819,6
401,5
5042,2
4991,2
5872,4
9634,6
11883,3
4680,2
8126,6
3403,1
10842,3
3883,2
5245,2
8563,6
10130,3
1573,5
12662,3
11717,3
2423,0
7744,6
5795,4
7012,4
6455,4
6412,4
10365,3
4838,2
11777,3
6203,4
809,5
12470,3
2650,0
6596,4
13481,3
10590,3
3190,0
3620,1
1702,5
5597,4
7197,4
3650,1
8334,6
13068,3
6393,4
11497,3
3370,1
12787,3
8513,6
5339,2
9254,6
10983,3
10133,3
6942,4
9859,6
12840,3
10656,3
664,5
9401,6
8114,6
11291,3
3347,0
1568,5
462,5
743,5
222,5
8919,6
3994,2
7636,6
6395,4
625,5
9680,6
8318,6
6005,4
10898,3
13142,3
5608,4
12092,3
4449,2
10899,3
456,5
12303,3
8372,6
4335,2
2621,0
6601,4
5261,2
8414,6
10845,3
12361,3
9255,6
1760,5
842,5
11959,3
11557,3
5405,2
2902,0
11583,3
12245,3
7632,6
12606,3
7709,6
5389,2
11809,3
6889,4
3431,1
12825,3
8222,6
11861,3
6508,4
6489,4
11054,3
4725,2
6576,4
11257,3
9913,6
5212,2
4989,2
9157,6
9720,6
368,5
11416,3
3593,1
1415,5
6713,4
13492,3
6749,4
5642,4
5579,4
10065,3
1721,5
10989,3
4060,2
13116,3
1824,5
9584,6
10546,3
10952,3
8538,6
3232,0
1918,5
5403,2
1569,5
7403,4
347,5
1242,5
6424,4
10863,3
10272,3
12136,3
10311,3
8809,6
5483,2
12370,3
11877,3
5384,2
8443,6
5361,2
10275,3
12125,3
11304,3
5414,2
12107,3
6075,4
9644,6
1222,5
5391,2
2134,0
13151,3
6728,4
5617,4
509,5
9509,6
11875,3
748,5
1259,5
4718,2
1888,5
711,5
11939,3
12430,3
11276,3
12108,3
11222,3
4808,2
3329,0
3293,0
7281,4
13295,3
8440,6
11856,3
12391,3
7861,6
104,5
1794,5
2386,0
5353,2
4847,2
13506,3
1658,5
212,5
12553,3
4419,2
12829,3
1359,5
334,5
6648,4
3110,0
792,5
233,5
7332,4
1064,5
209,5
10400,3
8694,6
8161,6
4498,2
9239,6
2413,0
7213,4
9236,6
10513,3
5948,4
871,5
1263,5
1618,5
4345,2
2414,0
6639,4
1220,5
11044,3
1765,5
6173,4
9311,6
12121,3
2001,5
7915,6
4581,2
5173,2
1485,5
3582,1
2523,0
11940,3
5282,2
3078,0
4833,2
1305,5
4782,2
10207,3
4381,2
10393,3
6867,4
8683,6
2165,0
617,5
13203,3
12944,3
10338,3
7338,4
9309,6
8273,6
8042,6
4770,2
9217,6
13336,3
2004,5
13010,3
3047,0
11895,3
12062,3
8565,6
13580,3
8129,6
8293,6
3095,0
10982,3
3285,0
12500,3
8598,6
9822,6
1313,5
10784,3
10795,3
7105,4
2903,0
6627,4
3333,0
3053,0
10082,3
7585,6
8916,6
2269,0
6803,4
5963,4
9054,6
8521,6
9570,6
6443,4
11890,3
8981,6
4707,2
12130,3
2114,0
9871,6
7689,6
9711,6
2602,0
11685,3
4607,2
10851,3
8134,6
4756,2
6535,4
8864,6
520,5
11800,3
12644,3
11897,3
8132,6
1092,5
9293,6
12932,3
4913,2
7249,4
3771,1
1109,5
4655,2
1038,5
11072,3
20,5
7103,4
5527,4
934,5
7793,6
12302,3
12854,3
1726,5
4490,2
9356,6
7872,6
1737,5
5576,4
561,5
8699,6
13099,3
10791,3
1162,5
7930,6
9104,6
5778,4
1527,5
6437,4
12686,3
2930,0
58,5
7726,6
9035,6
11612,3
4483,2
2291,0
10424,3
11680,3
6849,4
8696,6
10499,3
1649,5
13428,3
5100,2
2724,0
13271,3
7173,4
8257,6
6885,4
12933,3
6933,4
9069,6
9718,6
7764,6
10288,3
3870,1
5748,4
12943,3
2907,0
12587,3
8887,6
3538,1
915,5
4415,2
12899,3
13081,3
1817,5
13290,3
3949,2
337,5
2072,0
11792,3
10083,3
6826,4
3513,1
2815,0
6291,4
11005,3
6388,4
10587,3
7176,4
766,5
3782,1
6480,4
1144,5
11121,3
2510,0
6149,4
2273,0
12555,3
8922,6
7885,6
4864,2
13196,3
7879,6
12367,3
8874,6
4924,2
4532,2
6458,4
1672,5
7676,6
5903,4
4055,2
6109,4
1808,5
2275,0
3761,1
13366,3
11819,3
8971,6
7937,6
2045,0
8452,6
9351,6
5113,2
1295,5
12898,3
4687,2
3952,2
5464,2
4317,2
9129,6
444,5
858,5
4439,2
841,5
13001,3
6444,4
7328,4
10501,3
994,5
12189,3
13229,3
1554,5
1973,5
8880,6
12824,3
8627,6
13491,3
2513,0
2835,0
4700,2
2445,0
2233,0
3050,0
11729,3
400,5
6179,4
6319,4
6423,4
1023,5
3298,0
5407,2
8250,6
13291,3
5762,4
13358,3
7518,6
11170,3
10292,3
10282,3
10506,3
4080,2
803,5
1550,5
1009,5
13573,3
2737,0
5095,2
648,5
7834,6
2862,0
4975,2
9020,6
8079,6
550,5
10217,3
7931,6
211,5
11723,3
7359,4
7407,4
9954,6
3543,1
10010,6
1438,5
2515,0
2868,0
2434,0
5045,2
4792,2
10447,3
8421,6
9730,6
1314,5
12471,3
5426,2
10549,3
3979,2
12,5
5421,2
818,5
2784,0
11783,3
453,5
8107,6
13191,3
1656,5
3457,1
12663,3
11896,3
10695,3
11814,3
8101,6
2908,0
10079,3
940,5
10850,3
13057,3
13063,3
13219,3
8284,6
8688,6
4634,2
12438,3
5651,4
1400,5
30,5
3677,1
7966,6
9383,6
6131,4
9482,6
12954,3
7047,4
5547,4
8064,6
1108,5
10525,3
12325,3
3229,0
8700,6
11299,3
8869,6
3319,0
9115,6
6631,4
8390,6
10522,3
7460,6
2553,0
10405,3
5277,2
2686,0
6151,4
13130,3
1563,5
8624,6
11594,3
3071,0
12498,3
11409,3
4474,2
10103,3
10775,3
10148,3
4856,2
5268,2
8085,6
7217,4
8276,6
10359,3
10885,3
6752,4
4601,2
11824,3
5712,4
12552,3
2213,0
4929,2
9924,6
7520,6
10857,3
6323,4
2111,0
7060,4
12346,3
12294,3
11090,3
4446,2
12304,3
10215,3
11370,3
5026,2
12306,3
12883,3
10924,3
9345,6
9112,6
355,5
1429,5
7375,4
9621,6
9834,6
11547,3
5564,4
332,5
8309,6
12165,3
4224,2
964,5
120,5
4930,2
5397,2
8233,6
4710,2
3281,0
2370,0
2544,0
8360,6
10925,3
2885,0
9124,6
2178,0
7969,6
4898,2
5153,2
13575,3
11661,3
6343,4
12573,3
10105,3
3123,0
10914,3
1544,5
9100,6
13217,3
9756,6
7157,4
8740,6
9192,6
8046,6
945,5
9726,6
4550,2
12151,3
7021,4
7822,6
12958,3
1675,5
11267,3
1561,5
10538,3
6341,4
8023,6
4541,2
7868,6
12196,3
1095,5
9693,6
6349,4
3287,0
12982,3
677,5
2605,0
1392,5
10559,3
11776,3
752,5
1711,5
3737,1
13314,3
11627,3
3215,0
8011,6
10726,3
1777,5
4113,2
1770,5
11603,3
5815,4
3022,0
4228,2
3012,0
12428,3
13337,3
13606,3
4619,2
11668,3
5627,4
11346,3
9026,6
527,5
8631,6
12491,3
4264,2
4262,2
13496,3
1919,5
701,5
12826,3
9668,6
5018,2
5563,4
8071,6
10774,3
4868,2
1298,5
5813,4
1352,5
2926,0
6558,4
10579,3
1287,5
5500,2
10270,3
13047,3
12502,3
7583,6
3697,1
2013,5
12489,3
4373,2
8214,6
9377,6
7277,4
2147,0
7168,4
12762,3
8617,6
9246,6
12384,3
6208,4
8776,6
9943,6
7319,4
9961,6
810,5
12318,3
8022,6
2073,0
9478,6
10252,3
13327,3
885,5
1477,5
1790,5
6757,4
2008,5
11787,3
682,5
3895,2
13432,3
7802,6
7563,6
57,5
7743,6
9681,6
2399,0
7169,4
13104,3
4126,2
10991,3
8439,6
1468,5
1416,5
470,5
2358,0
2722,0
5871,4
5970,4
11611,3
11546,3
7844,6
4525,2
4610,2
5524,4
10979,3
10521,3
3869,1
13056,3
11724,3
5538,4
9507,6
9594,6
13208,3
4674,2
1055,5
2281,0
10598,3
8620,6
1924,5
4907,2
10236,3
13146,3
1075,5
1115,5
3936,2
3533,1
8299,6
460,5
3032,0
4207,2
12129,3
6814,4
1452,5
2149,0
319,5
11007,3
6266,4
1922,5
9455,6
12093,3
6888,4
11859,3
10124,3
12843,3
2129,0
8892,6
8509,6
9922,6
11187,3
2509,0
1052,5
7439,6
9350,6
4067,2
5024,2
1456,5
6844,4
361,5
7573,6
7444,6
13429,3
3145,0
6916,4
10963,3
7988,6
12393,3
6551,4
9415,6
8771,6
10889,3
540,5
4235,2
5507,4
11533,3
7267,4
8115,6
12285,3
754,5
6739,4
2003,5
2542,0
8029,6
6210,4
5218,2
7653,6
4271,2
100,5
5719,4
5362,2
4766,2
6454,4
4880,2
8409,6
601,5
8668,6
12141,3
6951,4
2431,0
1044,5
10547,3
1557,5
5009,2
1487,5
12660,3
12519,3
7942,6
2115,0
12089,3
5491,2
11512,3
618,5
6298,4
12651,3
7907,6
3396,1
1600,5
9344,6
9530,6
1615,5
1752,5
7639,6
7465,6
2083,0
12571,3
11442,3
9767,6
8689,6
13287,3
5147,2
10168,3
675,5
2545,0
8138,6
11335,3
3999,2
12928,3
5096,2
175,5
7127,4
3609,1
10667,3
3787,1
5927,4
11703,3
2225,0
3049,0
7536,6
1126,5
7017,4
12955,3
7528,6
2441,0
1322,5
1603,5
4210,2
10604,3
11726,3
4065,2
1294,5
5007,2
12727,3
9659,6
10652,3
4071,2
1507,5
1559,5
12444,3
5577,4
10347,3
12724,3
11091,3
11681,3
1836,5
5611,4
8818,6
7050,4
5335,2
1354,5
8052,6
10614,3
12011,3
4844,2
4723,2
7448,6
4032,2
1235,5
8747,6
7055,4
9608,6
12128,3
12218,3
2251,0
1025,5
10605,3
6081,4
7091,4
6926,4
8723,6
3397,1
313,5
636,5
7428,4
10381,3
9176,6
11707,3
5773,4
13475,3
8108,6
2970,0
13503,3
13396,3
3885,2
13079,3
10509,3
4771,2
6383,4
9744,6
5786,4
6422,4
12455,3
8893,6
10697,3
1840,5
12375,3
11975,3
3673,1
6698,4
11788,3
4698,2
13576,3
3320,0
5192,2
2272,0
12786,3
4254,2
4773,2
9166,6
4709,2
847,5
6310,4
5544,4
5526,4
7756,6
5461,2
7414,4
11060,3
9639,6
4597,2
1417,5
6669,4
3848,1
604,5
7695,6
7672,6
2078,0
8825,6
2311,0
9288,6
4343,2
8081,6
1982,5
7342,4
4466,2
199,5
485,5
3270,0
4724,2
6922,4
2823,0
4551,2
5336,2
3245,0
4453,2
9286,6
6902,4
3749,1
2202,0
6961,4
11112,3
2794,0
10468,3
11133,3
9404,6
524,5
9552,6
947,5
10510,3
13106,3
12813,3
1280,5
122,5
4366,2
5890,4
6592,4
2302,0
12279,3
11882,3
1005,5
3460,1
6372,4
10198,3
12229,3
3055,0
3566,1
5888,4
2132,0
12607,3
11395,3
9043,6
229,5
8526,6
4001,2
12440,3
9553,6
8366,6
3007,0
12858,3
4587,2
4221,2
4305,2
8348,6
6301,4
2750,0
13362,3
6526,4
4376,2
2944,0
6058,4
2718,0
3362,1
10175,3
8104,6
7796,6
13399,3
5230,2
12557,3
4161,2
11606,3
10480,3
7477,6
11208,3
5322,2
5561,4
9396,6
11955,3
12056,3
7305,4
4867,2
8018,6
1017,5
13045,3
6366,4
8745,6
1928,5
350,5
7819,6
12720,3
11462,3
8341,6
2500,0
8142,6
8765,6
564,5
1582,5
5545,4
2175,0
11772,3
13583,3
3933,2
2707,0
13488,3
5211,2
7379,4
3535,1
6920,4
8777,6
2397,0
3739,1
10642,3
821,5
2063,0
13249,3
81,5
5419,2
11055,3
12604,3
8999,6
2697,0
831,5
4574,2
3826,1
1397,5
9320,6
2833,0
10746,3
12653,3
12974,3
8191,6
12038,3
8057,6
48,5
8327,6
6890,4
8573,6
10402,3
6110,4
10228,3
4095,2
2689,0
7307,4
7946,6
4845,2
5210,2
8106,6
2373,0
5676,4
10138,3
2758,0
13438,3
2488,0
11459,3
7645,6
3880,2
9002,6
13078,3
6886,4
4934,2
12493,3
6779,4
2209,0
5235,2
3945,2
11858,3
2164,0
2886,0
10042,6
9841,6
516,5
10611,3
7474,6
5666,4
172,5
639,5
6334,4
9960,6
5065,2
1143,5
9792,6
9679,6
11400,3
1832,5
8834,6
7921,6
3686,1
5700,4
11011,3
12313,3
4537,2
7712,6
11604,3
834,5
2486,0
11056,3
7363,4
13320,3
13127,3
12004,3
11624,3
5467,2
13329,3
65,5
6692,4
6260,4
9257,6
2024,5
10190,3
354,5
5360,2
7598,6
12354,3
10523,3
4762,2
7717,6
11034,3
7696,6
8061,6
6227,4
4568,2
3127,0
6030,4
309,5
6006,4
7453,6
12777,3
8824,6
4354,2
7621,6
9037,6
6831,4
3587,1
12291,3
2583,0
11793,3
2770,0
4812,2
10869,3
9275,6
5087,2
7911,6
5171,2
10216,3
3209,0
8457,6
3905,2
11237,3
8047,6
7276,4
13094,3
7303,4
9238,6
2379,0
9489,6
8630,6
8055,6
4169,2
7601,6
13351,3
3428,1
4421,2
1101,5
7798,6
13163,3
12981,3
3250,0
4409,2
4140,2
3557,1
709,5
118,5
2022,5
4598,2
6070,4
6077,4
11799,3
7139,4
13109,3
9773,6
5227,2
11677,3
4681,2
5003,2
6245,4
8323,6
4273,2
5739,4
5470,2
5816,4
7854,6
87,5
9125,6
3382,1
9021,6
8986,6
403,5
13248,3
3350,1
11340,3
6321,4
9602,6
2241,0
9709,6
13122,3
8936,6
1027,5
13209,3
11513,3
5517,4
2436,0
9128,6
9202,6
5298,2
1278,5
2042,0
8793,6
5157,2
1425,5
5027,2
5281,2
8396,6
1502,5
13258,3
11663,3
11160,3
6822,4
11683,3
6064,4
678,5
5851,4
9473,6
5265,2
7238,4
10811,3
5053,2
5215,2
7367,4
1070,5
6606,4
2480,0
11320,3
3392,1
1099,5
5484,2
8279,6
13554,3
418,5
9950,6
5819,4
6571,4
1947,5
3336,0
2299,0
8331,6
10283,3
13308,3
208,5
6952,4
3682,1
7662,6
6856,4
13225,3
528,5
5329,2
779,5
722,5
12590,3
8642,6
1860,5
11550,3
13014,3
11535,3
12350,3
1992,5
2332,0
8852,6
9008,6
12342,3
6117,4
3459,1
6339,4
8097,6
6969,4
10703,3
8483,6
5492,2
7571,6
4518,2
6821,4
5138,2
6884,4
11347,3
257,5
10364,3
10289,3
11730,3
11826,3
8719,6
3625,1
702,5
3189,0
503,5
12007,3
5441,2
2556,0
848,5
2248,0
5616,4
372,5
12057,3
5317,2
9666,6
7731,6
5303,2
4052,2
3937,2
13464,3
10536,3
11116,3
4076,2
997,5
4332,2
6874,4
1176,5
13187,3
551,5
4840,2
4372,2
3497,1
13426,3
9367,6
7054,4
11333,3
11450,3
5176,2
5829,4
6062,4
8661,6
9052,6
3588,1
10428,3
11544,3
693,5
2533,0
5011,2
3443,1
982,5
6647,4
5943,4
12816,3
4222,2
91,5
5652,4
2266,0
9753,6
9904,6
9393,6
8692,6
261,5
3337,0
5497,2
10800,3
7505,6
3626,1
445,5
5111,2
5965,4
3555,1
2194,0
6746,4
12625,3
3367,1
9045,6
2867,0
2526,0
9048,6
6958,4
9292,6
1168,5
4144,2
5149,2
84,5
3149,0
12682,3
880,5
9657,6
7065,4
11976,3
1467,5
9948,6
5641,4
8559,6
452,5
4326,2
4044,2
11136,3
4137,2
3039,0
7792,6
12044,3
5825,4
13166,3
579,5
5236,2
9546,6
10009,6
6625,4
5587,4
10713,3
2467,0
4157,2
8351,6
413,5
402,5
4428,2
2084,0
3057,0
10189,3
164,5
12147,3
4302,2
13016,3
10171,3
3317,0
10911,3
3934,2
1847,5
10739,3
1334,5
12312,3
9364,6
753,5
3064,0
7666,6
706,5
3491,1
4573,2
10562,3
5580,4
10664,3
3151,0
12736,3
3799,1
4022,2
9944,6
1074,5
12142,3
7525,6
3438,1
8303,6
12170,3
9053,6
2429,0
246,5
3815,1
12972,3
3632,1
9664,6
2262,0
2246,0
835,5
5064,2
6202,4
432,5
9195,6
1173,5
13591,3
7205,4
4656,2
5289,2
3757,1
9140,6
250,5
6386,4
13318,3
11064,3
6620,4
6679,4
3407,1
2729,0
13474,3
8094,6
433,5
6857,4
10306,3
12378,3
9589,6
13226,3
9743,6
11225,3
10162,3
5629,4
4002,2
4753,2
1332,5
11715,3
6745,4
13507,3
1443,5
3681,1
11749,3
4310,2
4899,2
6934,4
7884,6
12101,3
10744,3
9266,6
2569,0
9742,6
4277,2
3666,1
7497,6
13478,3
2446,0
6442,4
5802,4
3657,1
10987,3
3172,0
1223,5
8781,6
4166,2
544,5
1204,5
6843,4
10330,3
12399,3
2637,0
13181,3
6840,4
12744,3
7995,6
11872,3
877,5
11043,3
196,5
13264,3
3383,1
4379,2
9391,6
9751,6
2997,0
3908,2
2571,0
7337,4
11747,3
13236,3
13038,3
5721,4
4969,2
4711,2
4163,2
11037,3
11250,3
10224,3
2682,0
7592,6
2508,0
6723,4
1510,5
4314,2
8585,6
8159,6
5356,2
5972,4
1244,5
11195,3
7923,6
12002,3
4121,2
11619,3
4995,2
9862,6
9780,6
1876,5
8109,6
5262,2
254,5
11182,3
4511,2
8422,6
5159,2
11241,3
759,5
5481,2
654,5
5297,2
5812,4
5288,2
2892,0
3401,1
5636,4
1420,5
3044,0
2830,0
9211,6
328,5
9253,6
253,5
12269,3
6159,4
5323,2
9909,6
4377,2
6022,4
5092,2
5377,2
3019,0
3029,0
2636,0
9851,6
1131,5
3018,0
2945,0
3659,1
11500,3
8629,6
7631,6
2663,0
12464,3
5378,2
7073,4
1362,5
10442,3
5533,4
3481,1
13111,3
6255,4
9975,6
7719,6
11539,3
5112,2
5940,4
9244,6
8482,6
9219,6
2880,0
5839,4
3381,1
12319,3
1302,5
12516,3
4957,2
4836,2
12526,3
7633,6
8677,6
5720,4
11848,3
8736,6
942,5
11490,3
3235,0
3257,0
10303,3
10075,3
176,5
435,5
6537,4
308,5
1565,5
3964,2
2135,0
8242,6
11952,3
9853,6
4977,2
7567,6
11142,3
595,5
6851,4
4625,2
8402,6
5332,2
9180,6
8072,6
11322,3
2623,0
8746,6
4572,2
12654,3
12461,3
231,5
179,5
12389,3
737,5
13085,3
11766,3
9966,6
3865,1
5865,4
6057,4
7759,6
109,5
5705,4
7275,4
1321,5
5935,4
1995,5
6495,4
11282,3
6850,4
7699,6
7109,4
800,5
10302,3
2086,0
5501,4
6200,4
8673,6
69,5
5367,2
9343,6
5682,4
7944,6
9224,6
5170,2
1680,5
377,5
1469,5
5961,4
2603,0
4181,2
8216,6
9063,6
11833,3
12873,3
4505,2
10490,3
4230,2
12340,3
3091,0
2726,0
477,5
1329,5
2283,0
3732,1
13129,3
5873,4
8031,6
751,5
12805,3
11070,3
11460,3
873,5
10296,3
8913,6
8873,6
4564,2
1545,5
739,5
12963,3
2683,0
10436,3
11360,3
5121,2
9057,6
3518,1
6661,4
2354,0
11495,3
11566,3
773,5
6632,4
12000,3
5200,2
10764,3
641,5
7886,6
11871,3
7677,6
3203,0
4309,2
5204,2
6249,4
865,5
5516,4
8735,6
13024,3
9727,6
13457,3
9427,6
8557,6
11193,3
962,5
9934,6
10094,3
9174,6
9532,6
6923,4
3309,0
2166,0
363,5
10414,3
3723,1
2825,0
7655,6
3597,1
4726,2
546,5
2940,0
471,5
1641,5
13101,3
3338,0
6847,4
1172,5
8543,6
5273,2
6085,4
9642,6
11510,3
11697,3
8332,6
3364,1
10278,3
9407,6
11647,3
1410,5
12691,3
8721,6
6666,4
13251,3
10125,3
2694,0
815,5
6500,4
2131,0
1797,5
4575,2
5190,2
3122,0
5853,4
5365,2
11480,3
4275,2
12599,3
3089,0
9241,6
11541,3
13588,3
8727,6
5253,2
237,5
1532,5
12820,3
12301,3
3410,1
2831,0
12404,3
1535,5
3879,2
5302,2
7309,4
10392,3
7258,4
1299,5
6273,4
5499,2
9957,6
6810,4
9731,6
10907,3
1480,5
2793,0
1601,5
13313,3
5091,2
2329,0
13032,3
13444,3
8404,6
9901,6
3661,1
10240,3
555,5
4825,2
1163,5
5680,4
12877,3
4715,2
397,5
10576,3
2506,0
11979,3
7945,6
8959,6
11621,3
8008,6
9295,6
723,5
300,5
11436,3
8021,6
4294,2
6755,4
4185,2
9307,6
6930,4
13382,3
3142,0
10630,3
7681,6
7499,6
3205,0
4955,2
4582,2
12712,3
13029,3
8412,6
13328,3
11103,3
11164,3
1152,5
13086,3
1212,5
4503,2
11180,3
13207,3
5894,4
9918,6
5427,2
9725,6
7928,6
665,5
12271,3
5994,4
642,5
12584,3
3767,1
4272,2
11608,3
6123,4
7028,4
786,5
2857,0
6112,4
10134,3
3202,0
12254,3
12187,3
9381,6
4187,2
12029,3
11297,3
4824,2
8209,6
6067,4
2905,0
4626,2
7223,4
996,5
7874,6
11117,3
6408,4
6250,4
8292,6
5523,4
6275,4
10943,3
156,5
9803,6
3085,0
9483,6
1552,5
8790,6
7769,6
8832,6
3795,1
495,5
13170,3
2321,0
7959,6
6994,4
151,5
8944,6
12733,3
9517,6
13240,3
1738,5
3001,0
12077,3
8703,6
8419,6
12261,3
11948,3
2883,0
3720,1
11996,3
11616,3
7201,4
5471,2
13439,3
8810,6
2276,0
4823,2
6800,4
4704,2
4461,2
343,5
9575,6
4136,2
9812,6
12339,3
9015,6
2223,0
4196,2
2584,0
11487,3
6858,4
9447,6
5081,2
11030,3
8784,6
8612,6
12448,3
13579,3
4734,2
9233,6
1465,5
4593,2
2234,0
3565,1
3903,2
5840,4
283,5
12615,3
7046,4
11675,3
6175,4
13134,3
10887,3
4151,2
7517,6
5938,4
13157,3
12728,3
9502,6
2121,0
8861,6
12637,3
5012,2
5859,4
10485,3
8177,6
3161,0
2630,0
10776,3
11591,3
9102,6
12220,3
1203,5
11392,3
9240,6
616,5
1926,5
3114,0
2641,0
8968,6
12211,3
2562,0
12205,3
9386,6
2728,0
6312,4
5728,4
7917,6
10796,3
8005,6
12168,3
2126,0
8012,6
11219,3
1357,5
8687,6
805,5
4694,2
7172,4
8451,6
7826,6
3140,0
4280,2
5338,2
12256,3
566,5
8246,6
547,5
12592,3
26,5
1067,5
3918,2
4486,2
6604,4
5529,4
6678,4
5398,2
9410,6
6188,4
7530,6
10719,3
1221,5
8726,6
2548,0
12892,3
437,5
8158,6
11527,3
12392,3
5269,2
1861,5
2699,0
9897,6
9500,6
8425,6
2481,0
7467,6
11483,3
2706,0
8178,6
326,5
5135,2
6733,4
5325,2
2499,0
1004,5
6957,4
12482,3
10740,3
8298,6
6836,4
4011,2
12178,3
534,5
3770,1
3960,2
11684,3
10251,3
585,5
11292,3
9469,6
9656,6
7983,6
5799,4
8019,6
9214,6
491,5
7159,4
10017,6
6932,4
10397,3
8570,6
11156,3
6464,4
8492,6
10679,3
3548,1
12680,3
9322,6
1916,5
3185,0
11278,3
6712,4
1910,5
4034,2
7912,6
1133,5
12964,3
5080,2
2518,0
9898,6
1317,5
4368,2
121,5
10421,3
2449,0
9232,6
5662,4
6080,4
8084,6
2601,0
6568,4
1522,5
3484,1
2173,0
3283,0
4554,2
3605,1
11736,3
6429,4
10186,3
7246,4
12353,3
3768,1
5077,2
9526,6
4038,2
3502,1
1407,5
4631,2
7740,6
240,5
4935,2
8637,6
13393,3
9933,6
2579,0
8889,6
3269,0
13006,3
1867,5
5550,4
7933,6
13490,3
7716,6
2521,0
8974,6
1820,5
2410,0
7025,4
51,5
3888,2
6637,4
5187,2
11920,3
3577,1
4565,2
6725,4
8846,6
8454,6
11210,3
6391,4
7952,6
1858,5
3779,1
12976,3
4961,2
2809,0
12941,3
498,5
9772,6
12562,3
11315,3
5198,2
5072,2
425,5
4284,2
9264,6
8128,6
228,5
7750,6
8897,6
2741,0
5137,2
11912,3
6156,4
7174,4
8025,6
8639,6
2921,0
6001,4
5718,4
9289,6
5583,4
11478,3
3653,1
4323,2
7663,6
1128,5
9000,6
2331,0
2208,0
9466,6
12118,3
7853,6
3153,0
11854,3
10662,3
9704,6
13077,3
6240,4
4990,2
7104,4
2374,0
6673,4
1632,5
8600,6
2298,0
8763,6
4252,2
7318,4
2721,0
6975,4
10389,3
7814,6
8316,6
7831,6
10533,3
1736,5
13469,3
10090,3
5736,4
6962,4
9282,6
10117,3
10553,3
9869,6
5094,2
2640,0
11141,3
13027,3
8176,6
9185,6
12496,3
2550,0
7897,6
10731,3
938,5
6768,4
8821,6
12067,3
6449,4
13561,3
6434,4
13234,3
4852,2
2644,0
11903,3
3165,0
3639,1
5069,2
7882,6
6529,4
7614,6
4487,2
2061,0
4645,2
8020,6
2812,0
12774,3
11763,3
13158,3
12243,3
2549,0
11100,3
888,5
8013,6
9820,6
4174,2
7247,4
11923,3
1024,5
11343,3
4848,2
7515,6
12127,3
1951,5
8713,6
351,5
10858,3
983,5
5480,2
12679,3
6702,4
4797,2
13372,3
3662,1
9340,6
6947,4
4657,2
6414,4
7194,4
10752,3
3150,0
8542,6
9079,6
4813,2
11931,3
5969,4
12951,3
9592,6
5143,2
2939,0
8537,6
4510,2
1340,5
12761,3
1391,5
8788,6
10005,6
10566,3
11807,3
10456,3
8956,6
6146,4
6367,4
1583,5
1412,5
11965,3
11981,3
2256,0
10078,3
13009,3
8030,6
2212,0
5603,4
2622,0
9051,6
6004,4
5417,2
4938,2
9938,6
3624,1
7985,6
4267,2
12232,3
463,5
1754,5
7747,6
11810,3
5638,4
13212,3
6380,4
12405,3
8749,6
378,5
3106,0
4803,2
1335,5
11984,3
13194,3
2716,0
8729,6
8139,6
7048,4
5446,2
9349,6
12284,3
8817,6
1811,5
6322,4
8725,6
8387,6
1894,5
10046,6
10570,3
10606,3
10498,3
7090,4
6221,4
9808,6
1189,5
5194,2
9113,6
10054,6
7501,6
7037,4
8664,6
3454,1
9660,6
6829,4
8157,6
7481,6
7596,6
7503,6
6428,4
7535,6
9389,6
10143,3
4613,2
3992,2
6691,4
12596,3
7322,4
1030,5
8432,6
2220,0
3774,1
12235,3
12572,3
12522,3
1755,5
11152,3
12594,3
9537,6
4327,2
11634,3
110,5
12910,3
10089,3
11024,3
5731,4
2917,0
10061,6
10915,3
12410,3
6326,4
9848,6
1515,5
12863,3
12551,3
12335,3
13347,3
2263,0
4479,2
7824,6
11565,3
11674,3
893,5
1490,5
10912,3
1850,5
9988,6
8773,6
324,5
1215,5
8618,6
2933,0
4689,2
10063,6
9763,6
11686,3
12505,3
13235,3
1129,5
731,5
2918,0
7476,6
3084,0
6808,4
7297,4
4588,2
4304,2
12628,3
2795,0
7441,6
798,5
6232,4
734,5
7602,6
2244,0
178,5
11143,3
10309,3
1174,5
7859,6
11742,3
1831,5
12812,3
8027,6
10930,3
1781,5
3201,0
198,5
6451,4
11499,3
4087,2
5193,2
548,5
3339,0
12844,3
8375,6
1187,5
13021,3
2532,0
7624,6
2314,0
12869,3
9682,6
11228,3
10763,3
8201,6
66,5
5127,2
4712,2
5214,2
3260,0
5033,2
9919,6
2572,0
12434,3
9782,6
622,5
1681,5
8001,6
787,5
3332,0
6390,4
13052,3
6008,4
8698,6
11913,3
3280,0
1411,5
12836,3
12425,3
10905,3
7809,6
11778,3
515,5
6158,4
478,5
11010,3
7971,6
9314,6
2647,0
11162,3
7856,6
6899,4
2040,0
7914,6
1033,5
8473,6
12345,3
2598,0
7745,6
6191,4
9881,6
13087,3
7237,4
11728,3
9225,6
8343,6
344,5
5521,4
7603,6
7015,4
1871,5
2977,0
11098,3
3986,2
7209,4
13080,3
2888,0
13223,3
7349,4
4623,2
8753,6
4818,2
9189,6
8860,6
220,5
12517,3
10197,3
8587,6
12919,3
12264,3
7628,6
8187,6
4016,2
13216,3
4248,2
10407,3
12465,3
10410,3
11410,3
5868,4
6487,4
9300,6
10519,3
1264,5
8830,6
4241,2
5650,4
9677,6
12381,3
13041,3
12504,3
4866,2
9445,6
2881,0
1677,5
8645,6
11324,3
901,5
10391,3
12966,3
2296,0
3402,1
8952,6
296,5
11961,3
4153,2
11057,3
12446,3
7729,6
27,5
12648,3
10070,3
6772,4
3829,1
6244,4
9431,6
6486,4
3248,0
7584,6
10771,3
4391,2
11491,3
2580,0
12907,3
10111,3
9260,6
1370,5
13528,3
11880,3
8885,6
5551,4
9529,6
5254,2
681,5
12676,3
4775,2
5422,2
3159,0
9886,6
2987,0
4908,2
1882,5
8836,6
6758,4
9426,6
1940,5
3296,0
3534,1
13400,3
3729,1
490,5
5708,4
1181,5
1375,5
5014,2
9627,6
8928,6
9806,6
626,5
4758,2
12371,3
2112,0
13562,3
10415,3
7600,6
1767,5
9971,6
4180,2
10295,3
13415,3
1462,5
6379,4
2887,0
8218,6
684,5
4539,2
4514,2
12217,3
9722,6
6671,4
6805,4
6453,4
12767,3
1366,5
3916,2
13343,3
2639,0
12882,3
5602,4
12296,3
5729,4
5730,4
8287,6
7204,4
5296,2
9414,6
2300,0
4787,2
2938,0
5659,4
9306,6
11790,3
8748,6
1979,5
5979,4
3803,1
4534,2
9197,6
10684,3
12931,3
7607,6
3734,1
11074,3
2934,0
8953,6
11758,3
4800,2
2280,0
9804,6
7748,6
6700,4
4469,2
5133,2
13233,3
6681,4
5428,2
998,5
4130,2
5266,2
10127,3
13349,3
1784,5
3182,0
11802,3
7116,4
494,5
8256,6
10563,3
7847,6
9972,6
2860,0
2038,0
4041,2
10431,3
2897,0
366,5
849,5
10919,3
12228,3
9044,6
8028,6
2653,0
7654,6
3503,1
11175,3
6095,4
1541,5
7779,6
12070,3
322,5
2031,0
5089,2
8511,6
813,5
7235,4
2528,0
12766,3
9735,6
8294,6
6375,4
6280,4
12527,3
11605,3
5274,2
1079,5
2226,0
7259,4
10623,3
12443,3
3515,1
7482,6
2705,0
12131,3
13028,3
1164,5
3261,0
8761,6
12629,3
1450,5
12530,3
6126,4
4229,2
9799,6
3862,1
2936,0
10994,3
7080,4
3917,2
5487,2
8649,6
11086,3
1723,5
10018,6
7512,6
10351,3
305,5
4056,2
12947,3
2999,0
10702,3
12278,3
1231,5
1514,5
2313,0
9964,6
1451,5
11432,3
10709,3
3479,1
9338,6
11614,3
4321,2
9231,6
838,5
13494,3
6470,4
13511,3
7500,6
11484,3
3899,2
11575,3
3567,1
12616,3
5452,2
3087,0
9071,6
11773,3
4546,2
4692,2
1714,5
10781,3
4270,2
339,5
10108,3
4086,2
6663,4
903,5
11068,3
3218,0
7516,6
588,5
3365,1
2670,0
5515,4
3589,1
34,5
7118,4
28,5
2395,0
8272,6
5458,2
5506,4
8589,6
2170,0
12765,3
8481,6
889,5
3878,2
3322,0
12794,3
3514,1
479,5
11356,3
5673,4
12277,3
2774,0
7620,6
6559,4
3733,1
8486,6
12889,3
10356,3
4528,2
1654,5
4274,2
219,5
223,5
11741,3
8136,6
8240,6
5982,4
4239,2
5882,4
1590,5
9541,6
3256,0
8583,6
9838,6
8544,6
2181,0
10672,3
10165,3
1473,5
6165,4
6103,4
10313,3
5217,2
10274,3
10151,3
4817,2
11354,3
11471,3
8086,6
6521,4
8192,6
6507,4
1209,5
12800,3
421,5
12871,3
1706,5
1158,5
2306,0
273,5
171,5
3956,2
5606,4
12578,3
4865,2
8622,6
3188,0
1725,5
9265,6
9284,6
1564,5
1782,5
843,5
12729,3
10689,3
904,5
3494,1
13169,3
8840,6
12082,3
1547,5
7396,4
11366,3
2080,0
10386,3
10206,3
8297,6
3985,2
10635,3
9158,6
13485,3
9978,6
11155,3
7211,4
4677,2
6533,4
3820,1
5209,2
2646,0
8255,6
10416,3
8829,6
256,5
8977,6
10307,3
4350,2
9598,6
7257,4
5649,4
5923,4
6365,4
10531,3
2155,0
9935,6
7370,4
12103,3
7837,6
6685,4
3715,1
7656,6
8251,6
4057,2
9952,6
11293,3
3622,1
5648,4
4516,2
6403,4
3102,0
7354,4
558,5
9946,6
8168,6
1436,5
507,5
5275,2
8241,6
4472,2
1869,5
5663,4
5402,2
5930,4
12510,3
755,5
8857,6
2339,0
4050,2
8969,6
3836,1
12623,3
4386,2
6332,4
8449,6
10594,3
6621,4
2118,0
7680,6
10564,3
729,5
501,5
8083,6
643,5
912,5
1539,5
11308,3
1211,5
7092,4
10032,6
12421,3
672,5
4915,2
6106,4
8077,6
3377,1
4476,2
5615,4
12061,3
1464,5
4745,2
12149,3
1192,5
7152,4
3793,1
1872,5
7445,6
3590,1
10810,3
6360,4
3158,0
7487,6
10993,3
505,5
243,5
7413,4
6719,4
7348,4
5678,4
506,5
11132,3
6501,4
10084,3
8520,6
8236,6
4717,2
6222,4
8406,6
8456,6
8732,6
7581,6
1773,5
8049,6
3010,0
272,5
11119,3
797,5
3618,1
2381,0
2829,0
8493,6
7008,4
5586,4
7708,6
12693,3
11906,3
4633,2
312,5
6510,4
746,5
7707,6
3569,1
790,5
2476,0
8877,6
6120,4
5557,4
12703,3
2570,0
5753,4
8992,6
13335,3
6448,4
5599,4
9947,6
4355,2
7797,6
2163,0
9985,6
9790,6
380,5
12400,3
1292,5
1912,5
8371,6
599,5
3892,2
4141,2
5540,4
1652,5
3634,1
6795,4
10720,3
1893,5
10121,3
1944,5
3395,1
3388,1
6502,4
4362,2
13300,3
375,5
1966,5
3957,2
6195,4
11951,3
4423,2
5351,2
8034,6
5696,4
1243,5
9263,6
12793,3
8314,6
941,5
9411,6
1471,5
3346,0
4522,2
2657,0
2853,0
7690,6
4506,2
12905,3
12236,3
13307,3
4045,2
13374,3
4062,2
5326,2
8908,6
6578,4
13553,3
2799,0
4306,2
10154,3
5139,2
12725,3
10481,3
7244,4
298,5
3990,2
1049,5
11118,3
3823,1
9027,6
7977,6
10903,3
2035,0
4039,2
8950,6
8910,6
12739,3
7020,4
1972,5
9775,6
2099,0
1499,5
5205,2
3512,1
8146,6
9531,6
652,5
170,5
6828,4
7130,4
10027,6
12155,3
4085,2
242,5
10734,3
5798,4
11573,3
4371,2
1644,5
6355,4
7371,4
8594,6
5594,4
2756,0
5794,4
13499,3
10767,3
10223,3
9341,6
5231,2
2076,0
4103,2
7493,6
13015,3
3996,2
4801,2
5968,4
8613,6
7278,4
10760,3
12577,3
3966,2
13332,3
13321,3
12763,3
3603,1
6754,4
11843,3
5849,4
8401,6
8991,6
13289,3
11325,3
4661,2
4078,2
6054,4
7754,6
13424,3
5974,4
10908,3
11840,3
640,5
1270,5
6215,4
7768,6
2778,0
4603,2
4932,2
6060,4
1985,5
3861,1
7774,6
325,5
12768,3
6394,4
10219,3
4054,2
2237,0
5229,2
4571,2
7454,6
1268,5
864,5
4942,2
2253,0
6010,4
6911,4
8918,6
6998,4
371,5
9761,6
7940,6
609,5
4651,2
11391,3
10631,3
13132,3
12580,3
2364,0
7766,6
7148,4
3789,1
13039,3
5581,4
9366,6
5060,2
13346,3
11977,3
662,5
9247,6
2776,0
4535,2
7189,4
8833,6
5573,4
6135,4
4427,2
5247,2
11910,3
3981,2
7825,6
2669,0
3977,2
279,5
10107,3
7452,6
5197,2
12133,3
12678,3
4155,2
9201,6
4883,2
5807,4
3809,1
8395,6
4683,2
9267,6
11461,3
9749,6
5593,4
12006,3
6897,4
4563,2
8437,6
8574,6
1269,5
2350,0
1384,5
8523,6
5856,4
297,5
11974,3
10550,3
8935,6
2077,0
8522,6
10873,3
2229,0
2842,0
2537,0
194,5
11295,3
7362,4
6636,4
7498,6
4042,2
6553,4
5505,4
6854,4
6761,4
5300,2
10520,3
320,5
7135,4
1371,5
13360,3
2654,0
3398,1
9652,6
10249,3
10620,3
11435,3
926,5
244,5
7469,6
8207,6
143,5
5983,4
8151,6
2363,0
9979,6
129,5
1161,5
9459,6
13330,3
5953,4
287,5
8524,6
5308,2
1170,5
11832,3
8355,6
6792,4
9983,6
1859,5
13409,3
11916,3
6781,4
10543,3
3121,0
1311,5
1032,5
11708,3
6382,4
7910,6
931,5
691,5
9003,6
6364,4
1909,5
12132,3
12856,3
44,5
3939,2
7108,4
4319,2
2965,0
3969,2
12190,3
10995,3
7478,6
6308,4
4159,2
3092,0
10646,3
7954,6
5555,4
3982,2
9022,6
6940,4
1404,5
3195,0
11628,3
9334,6
8856,6
969,5
11052,3
6543,4
2843,0
2851,0
11221,3
11588,3
5956,4
10871,3
4471,2
8871,6
10935,3
1789,5
11272,3
2059,0
7143,4
11808,3
1902,5
4686,2
12848,3
8090,6
4922,2
6785,4
12104,3
75,5
2345,0
6447,4
4586,2
13100,3
8772,6
8488,6
11105,3
1553,5
5874,4
11327,3
13279,3
10668,3
5695,4
2941,0
9572,6
9096,6
7381,4
10977,3
1620,5
13598,3
7905,6
11239,3
12344,3
6782,4
11950,3
9118,6
1609,5
3096,0
2415,0
11377,3
2017,5
2971,0
13340,3
3246,0
124,5
1106,5
1814,5
13200,3
2123,0
12780,3
11337,3
9745,6
13156,3
2197,0
4051,2
1216,5
7701,6
725,5
808,5
10213,3
13119,3
4906,2
12585,3
12295,3
3962,2
10556,3
2671,0
1764,5
9741,6
607,5
11206,3
8822,6
3217,0
5737,4
2053,0
3164,0
13089,3
10437,3
12102,3
1657,5
8069,6
2710,0
12473,3
7549,6
4266,2
6715,4
422,5
5316,2
2845,0
4066,2
11986,3
5244,2
1001,5
4198,2
2418,0
3575,1
6726,4
3847,1
961,5
8739,6
9497,6
13502,3
757,5
5313,2
2284,0
8532,6
4827,2
12048,3
807,5
3907,2
7023,4
1956,5
12049,3
11107,3
2402,0
12535,3
1073,5
6524,4
12212,3
13602,3
8095,6
10158,3
11419,3
10193,3
10878,3
1003,5
7658,6
12386,3
7566,6
12566,3
5368,2
11001,3
6289,4
9060,6
8671,6
985,5
9787,6
6169,4
10432,3
7384,4
10332,3
12433,3
12747,3
2462,0
268,5
7962,6
3580,1
71,5
11067,3
10495,3
2821,0
12207,3
589,5
9523,6
8970,6
10580,3
9840,6
3758,1
6845,4
2028,0
9362,6
5454,2
9001,6
10856,3
11183,3
9123,6
2432,0
4647,2
8469,6
11759,3
896,5
12789,3
1587,5
6686,4
1719,5
6100,4
3806,1
10505,3
3961,2
7036,4
11522,3
890,5
12257,3
4006,2
4939,2
10794,3
8826,6
5898,4
10256,3
10875,3
10286,3
584,5
3932,2
1260,5
9513,6
310,5
1716,5
6009,4
2052,0
9470,6
4668,2
4298,2
6646,4
3783,1
1008,5
7347,4
11359,3
12750,3
8383,6
9194,6
4059,2
90,5
1987,5
10654,3
7279,4
10937,3
12916,3
11815,3
11927,3
2925,0
9070,6
8185,6
5884,4
2341,0
10328,3
11140,3
627,5
9144,6
7545,6
8849,6
4765,2
13072,3
128,5
10879,3
9471,6
4182,2
7299,4
6995,4
2398,0
13276,3
1186,5
9564,6
13227,3
5314,2
4247,2
13002,3
1096,5
6653,4
1273,5
5698,4
8709,6
6797,4
6615,4
3358,1
7755,6
183,5
10297,3
6513,4
4567,2
6603,4
11300,3
1961,5
4992,2
4891,2
8039,6
5869,4
12904,3
6226,4
12052,3
9653,6
1251,5
3176,0
3359,1
9372,6
8742,6
10551,3
12239,3
7411,4
7538,6
1051,5
8464,6
4763,2
1874,5
7282,4
10379,3
4322,2
5831,4
11050,3
9034,6
11285,3
4485,2
8615,6
3924,2
11929,3
10064,6
7850,6
3113,0
3303,0
1690,5
8750,6
5048,2
11817,3
3308,0
1504,5
1806,5
3871,2
3791,1
12959,3
10460,3
1717,5
2696,0
1848,5
4512,2
10293,3
6622,4
3435,1
9226,6
142,5
13413,3
6992,4
10056,6
8976,6
1117,5
1756,5
497,5
6751,4
870,5
3357,1
7678,6
721,5
886,5
13069,3
9994,6
11313,3
8347,6
8102,6
11838,3
9855,6
314,5
12172,3
10182,3
4204,2
5850,4
6129,4
5447,2
3129,0
1996,5
12138,3
3968,2
10768,3
336,5
10769,3
11401,3
12360,3
2985,0
4620,2
6531,4
8957,6
3558,1
12407,3
3416,1
307,5
13510,3
10345,3
348,5
5918,4
7243,4
12935,3
4482,2
8263,6
9170,6
6855,4
11306,3
10886,3
11101,3
9149,6
1666,5
7579,6
5570,4
52,5
9056,6
6263,4
1445,5
8943,6
9258,6
1695,5
1574,5
10100,3
4405,2
1630,5
13124,3
1881,5
5074,2
5509,4
12634,3
11488,3
9684,6
9457,6
186,5
5558,4
7185,4
12583,3
10467,3
6587,4
1234,5
9534,6
3915,2
446,5
844,5
5201,2
11970,3
10507,3
2440,0
3103,0
7692,6
4774,2
6974,4
6094,4
2153,0
5518,4
10913,3
5067,2
12885,3
10500,3
12095,3
776,5
8417,6
12649,3
6324,4
4920,2
11846,3
12925,3
9617,6
3136,0
11469,3
5462,2
3183,0
13051,3
7522,6
12643,3
3199,0
10319,3
1289,5
12950,3
12993,3
10894,3
7542,6
1879,5
11562,3
9089,6
5457,2
2148,0
4131,2
1036,5
8828,6
12969,3
4134,2
649,5
6711,4
861,5
191,5
8301,6
6026,4
1942,5
4331,2
12053,3
8775,6
7972,6
10545,3
10200,3
10109,3
2775,0
4145,2
2617,0
2411,0
1094,5
6065,4
1546,5
4589,2
6034,4
6953,4
3135,0
3856,1
12549,3
6419,4
3805,1
11323,3
7431,6
6774,4
11957,3
464,5
1257,5
2259,0
5630,4
13188,3
6231,4
7382,4
11245,3
1262,5
7212,4
975,5
10474,3
5866,4
6582,4
2387,0
13242,3
5021,2
7129,4
11379,3
3882,2
6055,4
12368,3
9703,6
3875,2
2789,0
1857,5
11806,3
4108,2
5213,2
8281,6
3255,0
7323,4
2690,0
7389,4
4627,2
10159,3
1319,5
10291,3
13448,3
5162,2
9889,6
9423,6
1135,5
4529,2
3505,1
4749,2
7086,4
9040,6
13430,3
6336,4
10821,3
6982,4
11592,3
2505,0
2904,0
570,5
1448,5
3414,1
10980,3
10835,3
6837,4
3226,0
13262,3
4383,2
7845,6
3539,1
11571,3
12195,3
2827,0
5780,4
4996,2
1338,5
3262,0
7876,6
9830,6
6838,4
5741,4
650,5
6039,4
2258,0
5395,2
11892,3
7082,4
10586,3
3521,1
10245,3
4478,2
5660,4
67,5
12756,3
10801,3
7609,6
1258,5
10876,3
11600,3
991,5
3504,1
8305,6
919,5
165,5
8975,6
11633,3
4594,2
11042,3
2850,0
10628,3
13581,3
11063,3
4460,2
12515,3
6623,4
12336,3
8490,6
2735,0
5669,4
4988,2
12244,3
2378,0
9463,6
4172,2
8092,6
13138,3
2103,0
3759,1
10622,3
1837,5
10934,3
12609,3
5710,4
8799,6
4500,2
1093,5
9103,6
6718,4
9785,6
8960,6
160,5
203,5
6483,4
3940,2
4933,2
7647,6
1230,5
3046,0
7957,6
2915,0
12359,3
4251,2
6111,4
6204,4
2725,0
4290,2
4334,2
383,5
7485,6
4886,2
857,5
370,5
6539,4
2561,0
3801,1
5455,2
9237,6
11194,3
6859,4
9281,6
11818,3
13070,3
5944,4
615,5
2575,0
53,5
11102,3
3340,0
13055,3
12334,3
10455,3
9132,6
5876,4
9269,6
8995,6
1812,5
990,5
9451,6
11423,3
8411,6
2942,0
3163,0
4678,2
2618,0
3612,1
8235,6
7871,6
10890,3
3792,1
13026,3
3439,1
1892,5
13133,3
12700,3
5255,2
5167,2
6460,4
1505,5
9418,6
670,5
897,5
3306,0
8026,6
6239,4
2890,0
6003,4
7739,6
10384,3
9867,6
8397,6
2,5
11577,3
6079,4
531,5
11739,3
8181,6
11780,3
6476,4
12140,3
12967,3
8923,6
3406,1
5991,4
6328,4
9436,6
2565,0
2581,0
12815,3
8385,6
2607,0
9538,6
12893,3
2104,0
12658,3
9713,6
12460,3
4994,2
10194,3
5057,2
658,5
4434,2
12926,3
3816,1
6773,4
12830,3
7260,4
3904,2
12119,3
6811,4
9811,6
3700,1
10401,3
1788,5
11563,3
6314,4
3645,1
1776,5
192,5
9012,6
9330,6
11710,3
5388,2
11946,3
4951,2
2687,0
4390,2
4927,2
5552,4
10633,3
238,5
12614,3
10066,3
6901,4
9962,6
13483,3
9137,6
9849,6
8640,6
5097,2
13274,3
10166,3
9399,6
3552,1
13568,3
3360,1
8328,6
5628,4
7751,6
5783,4
4507,2
11511,3
146,5
10044,6
2294,0
7178,4
12980,3
13419,3
12900,3
12005,3
8690,6
7081,4
4733,2
8912,6
4384,2
11451,3
12481,3
12209,3
4545,2
596,5
12783,3
9586,6
5164,2
12452,3
1647,5
6815,4
2700,0
1700,5
2773,0
6968,4
8143,6
6219,4
86,5
11167,3
11138,3
11917,3
2594,0
1029,5
136,5
6972,4
7024,4
2854,0
1200,5
6121,4
8758,6
13193,3
6296,4
3927,2
12021,3
8468,6
3606,1
12134,3
2330,0
2187,0
195,5
5059,2
802,5
2668,0
241,5
2068,0
9380,6
13292,3
644,5
9116,6
5103,2
1637,5
7552,6
8312,6
3074,0
9014,6
7296,4
3278,0
8003,6
4970,2
9691,6
8326,6
6915,4
12265,3
7829,6
62,5
10778,3
11258,3
9963,6
9861,6
679,5
2041,0
8933,6
5307,2
10118,3
3641,1
11247,3
11092,3
3258,0
1873,5
4744,2
2912,0
4027,2
5488,2
11756,3
8024,6
7786,6
12593,3
6864,4
489,5
8685,6
690,5
602,5
1014,5
869,5
1993,5
7610,6
5283,2
4370,2
1361,5
1526,5
1629,5
1551,5
11757,3
13189,3
1337,5
3901,2
5041,2
8252,6
9953,6
5039,2
2346,0
12642,3
5485,2
12075,3
5694,4
5119,2
5166,2
1134,5
8342,6
9462,6
4017,2
9590,6
2424,0
4138,2
859,5
2962,0
8089,6
11066,3
12396,3
11658,3
11553,3
1364,5
12032,3
1779,5
9458,6
2101,0
1818,5
369,5
4937,2
5285,2
8367,6
11412,3
7071,4
2093,0
7817,6
1920,5
82,5
7331,4
7304,4
816,5
10558,3
4396,2
8475,6
6124,4
4120,2
10838,3
13493,3
1813,5
1271,5
8751,6
2994,0
10376,3
6409,4
2642,0
9280,6
9464,6
2305,0
9927,6
11407,3
4195,2
12097,3
3849,1
13403,3
11424,3
13034,3
3554,1
2195,0
2600,0
6163,4
1518,5
9593,6
9990,6
6309,4
5755,4
5633,4
8399,6
12671,3
7162,4
10279,3
12746,3
1988,5
7737,6
517,5
6160,4
10210,3
12364,3
10988,3
9850,6
4456,2
2761,0
6481,4
5911,4
12288,3
6547,4
4855,2
7644,6
12063,3
13186,3
6358,4
2438,0
3765,1
6432,4
8643,6
7846,6
10041,6
12215,3
6340,4
4821,2
18,5
3560,1
3951,2
49,5
13470,3
887,5
6261,4
7236,4
6989,4
6043,4
8708,6
3168,0
2949,0
1424,5
139,5
3197,0
5131,2
112,5
8160,6
11816,3
4559,2
4595,2
4690,2
7951,6
13412,3
3277,0
4068,2
4408,2
9661,6
11688,3
451,5
7262,4
3731,1
7256,4
13501,3
4986,2
3663,1
2763,0
8850,6
10025,6
1855,5
999,5
389,5
6426,4
1476,5
2240,0
12447,3
8112,6
992,5
7032,4
4997,2
3922,2
2972,0
6871,4
10735,3
4769,2
1293,5
4173,2
2535,0
12436,3
1907,5
11290,3
12924,3
8560,6
6033,4
7619,6
1151,5
1567,5
3171,0
7106,4
4160,2
4287,2
2230,0
174,5
1903,5
9291,6
8752,6
10000,6
3408,1
1538,5
2292,0
1363,5
4357,2
5260,2
10172,3
12675,3
680,5
10761,3
3664,1
1661,5
508,5
166,5
11281,3
9198,6
11357,3
7365,4
1914,5
7263,4
13117,3
13270,3
7361,4
1104,5
10675,3
5310,2
10284,3
5754,4
152,5
10812,3
5679,4
12441,3
3551,1
3722,1
10038,6
11638,3
4538,2
11021,3
8463,6
1991,5
11991,3
8501,6
5141,2
3811,1
11853,3
3450,1
4591,2
7352,4
205,5
9327,6
6680,4
2749,0
8497,6
1849,5
12343,3
3240,0
10809,3
3109,0
5934,4
11149,3
5810,4
8575,6
5634,4
4307,2
3156,0
6534,4
11830,3
11287,3
8891,6
3832,1
11862,3
4776,2
7997,6
4276,2
13268,3
9675,6
13065,3
278,5
6771,4
7415,4
3252,0
9729,6
12796,3
289,5
3075,0
9843,6
9640,6
270,5
4570,2
11949,3
6696,4
4316,2
3180,0
1422,5
8275,6
9065,6
10949,3
4557,2
7812,6
6297,4
10494,3
13197,3
1132,5
6242,4
10334,3
12752,3
7423,4
12987,3
9807,6
5520,4
9408,6
11849,3
10211,3
9256,6
3786,1
10156,3
8345,6
2161,0
3008,0
1105,5
12611,3
692,5
4956,2
8307,6
4369,2
2765,0
3929,2
10394,3
13370,3
7778,6
628,5
2451,0
9723,6
3824,1
12222,3
13555,3
3743,1
2176,0
6689,4
8858,6
3318,0
11752,3
7432,6
2787,0
1196,5
1676,5
3947,2
7618,6
4444,2
5722,4
10615,3
11543,3
2369,0
4967,2
2217,0
8148,6
3326,0
10110,3
3583,1
13306,3
13371,3
3619,1
6217,4
2468,0
8277,6
11523,3
5973,4
3667,1
5158,2
7594,6
6976,4
3423,1
8199,6
2409,0
3212,0
11656,3
5366,2
12754,3
6593,4
2895,0
11914,3
12544,3
3642,1
10097,3
10034,6
11422,3
9475,6
11727,3
9061,6
13190,3
12202,3
8548,6
13484,3
5451,2
7160,4
7866,6
2743,0
13512,3
4958,2
6474,4
7888,6
8811,6
492,5
1116,5
5637,4
11956,3
13434,3
10315,3
11722,3
6589,4
12349,3
7557,6
10895,3
5241,2
12582,3
2783,0
10022,6
1696,5
5685,4
2295,0
5939,4
7763,6
3313,0
4781,2
8350,6
12776,3
7605,6
215,5
6707,4
11220,3
8682,6
12439,3
3483,1
7006,4
5102,2
6599,4
3764,1
10807,3
6410,4
11762,3
25,5
7659,6
11870,3
12532,3
11735,3
6683,4
9171,6
11202,3
8584,6
12507,3
11701,3
10450,3
13135,3
11277,3
1102,5
3276,0
5345,2
12357,3
11978,3
8386,6
8835,6
9887,6
13599,3
2207,0
4552,2
4402,2
7395,4
3718,1
972,5
4579,2
6516,4
719,5
6155,4
12841,3
2803,0
2566,0
4025,2
6198,4
8224,6
12027,3
4063,2
2792,0
2222,0
5818,4
3866,1
11224,3
11796,3
3227,0
4214,2
3923,2
10170,3
1401,5
8931,6
7703,6
4979,2
3253,0
11750,3
2661,0
2158,0
8578,6
8088,6
674,5
10362,3
7011,4
10003,6
3841,1
1815,5
11336,3
13390,3
2100,0
11998,3
6708,4
1673,5
4213,2
10854,3
1548,5
9845,6
8547,6
5184,2
1461,5
12779,3
3220,0
12901,3
12472,3
7170,4
7430,6
12985,3
1751,5
3976,2
8353,6
1772,5
9388,6
2016,5
2005,5
3893,2
3237,0
4424,2
8588,6
2257,0
4072,2
5574,4
9083,6
12942,3
5355,2
8418,6
6093,4
7935,6
11033,3
1519,5
11135,3
1378,5
5672,4
9215,6
2587,0
13293,3
5621,4
10751,3
11218,3
5842,4
7122,4
5832,4
9821,6
4888,2
5904,4
522,5
8043,6
3607,1
9120,6
234,5
3796,1
6318,4
7094,4
1948,5
6361,4
12797,3
6091,4
12372,3
2224,0
9298,6
9010,6
5571,4
4523,2
5793,4
13605,3
5738,4
2624,0
4728,2
7818,6
8859,6
13495,3
12416,3
9080,6
10137,3
2437,0
6056,4
9009,6
6352,4
3167,0
1809,5
11028,3
7161,4
9456,6
5086,2
10974,3
7016,4
10618,3
4945,2
6046,4
11403,3
12605,3
6919,4
5590,4
7226,4
1228,5
10497,3
6846,4
8244,6
10540,3
6555,4
159,5
8851,6
9779,6
1589,5
13394,3
13176,3
12890,3
12708,3
6687,4
12722,3
10255,3
10940,3
7480,6
12608,3
1556,5
2828,0
436,5
5789,4
11114,3
1588,5
7398,4
2780,0
12227,3
9242,6
5686,4
3965,2
4727,2
9165,6
1238,5
2951,0
9941,6
10528,3
1497,5
6465,4
7355,4
7823,6
7547,6
7913,6
11659,3
5185,2
5647,4
13468,3
5242,2
2130,0
2092,0
5409,2
187,5
11623,3
7938,6
3655,1
3426,1
10443,3
1381,5
10938,3
8605,6
7427,4
5037,2
4897,2
3175,0
10861,3
8448,6
13472,3
10792,3
2235,0
8068,6
9959,6
4236,2
11169,3
10423,3
9764,6
24,5
3363,1
1088,5
8733,6
12467,3
2841,0
7537,6
7470,6
12689,3
4152,2
9501,6
695,5
12497,3
6337,4
1227,5
1999,5
276,5
5929,4
2953,0
3637,1
3906,2
4778,2
5845,4
13202,3
4117,2
1137,5
2767,0
8182,6
10803,3
7661,6
9134,6
10129,3
2490,0
13180,3
7742,6
3935,2
2384,0
8016,6
7084,4
115,5
1863,5
3119,0
4258,2
12568,3
11520,3
2819,0
10385,3
10883,3
12373,3
4699,2
3802,1
6068,4
3536,1
3825,1
6642,4
11771,3
1946,5
11887,3
12267,3
11353,3
9802,6
7269,4
10629,3
7929,6
7166,4
6963,4
5867,4
4761,2
882,5
557,5
11047,3
1207,5
10324,3
7684,6
12292,3
9702,6
6538,4
3211,0
3630,1
1708,5
11240,3
8458,6
1140,5
3162,0
6207,4
3730,1
2660,0
8848,6
1307,5
2567,0
9190,6
2834,0
13031,3
9429,6
2151,0
10626,3
3835,1
13198,3
10439,3
11190,3
9326,6
5004,2
6626,4
9495,6
1627,5
11025,3
9714,6
13350,3
358,5
138,5
8491,6
9748,6
382,5
12098,3
4857,2
12655,3
1439,5
9569,6
946,5
5498,2
4916,2
8556,6
1932,5
2352,0
3236,0
9493,6
11268,3
3807,1
1936,5
12124,3
4154,2
8988,6
2416,0
10425,3
6139,4
785,5
6789,4
8036,6
8315,6
12881,3
5668,4
2172,0
2169,0
6628,4
4009,2
4340,2
910,5
6268,4
2309,0
10033,6
9449,6
6591,4
4458,2
7597,6
9370,6
10469,3
12709,3
4652,2
6218,4
442,5
3415,1
9591,6
11907,3
10438,3
9649,6
10676,3
5744,4
1054,5
11876,3
3699,1
929,5
6468,4
8767,6
1829,5
10534,3
11082,3
2011,5
913,5
7611,6
11212,3
10493,3
2606,0
4928,2
9783,6
6564,4
11085,3
6,5
7835,6
6583,4
3361,1
10135,3
10621,3
1635,5
1141,5
359,5
2070,0
3134,0
5160,2
6990,4
3243,0
2242,0
1474,5
11691,3
10081,3
3259,0
4020,2
12026,3
8566,6
3500,1
2658,0
11505,3
1130,5
1819,5
7461,6
10686,3
10648,3
12479,3
7064,4
4318,2
9342,6
4669,2
9428,6
5476,2
13387,3
11942,3
1856,5
2282,0
11845,3
4008,2
6401,4
13509,3
12624,3
386,5
1628,5
12112,3
12697,3
7718,6
10463,3
13567,3
9101,6
11791,3
10058,6
1842,5
2497,0
201,5
10936,3
3868,1
5054,2
5889,4
2702,0
7922,6
331,5
3808,1
935,5
1774,5
10722,3
8611,6
12457,3
989,5
5443,2
11351,3
6993,4
12511,3
5806,4
11901,3
11852,3
6574,4
3052,0
11765,3
8365,6
4615,2
3321,0
12529,3
6246,4
6048,4
3311,0
10597,3
10717,3
12769,3
8210,6
3628,1
12066,3
1356,5
5002,2
12872,3
5823,4
13392,3
5670,4
3112,0
182,5
12060,3
10004,6
855,5
12569,3
4912,2
11630,3
1800,5
12600,3
5482,2
11349,3
1968,5
11341,3
12122,3
4697,2
4987,2
4650,2
1159,5
9405,6
10548,3
1325,5
10714,3
4796,2
6796,4
5808,4
13431,3
1455,5
5410,2
8333,6
2800,0
9836,6
7616,6
12182,3
7815,6
4378,2
8921,6
10830,3
6716,4
10128,3
3736,1
2261,0
7429,6
4005,2
9302,6
13402,3
2394,0
1185,5
2007,5
193,5
8770,6
5525,4
771,5
1478,5
1846,5
3740,1
10880,3
7986,6
405,5
12984,3
10265,3
10088,3
11644,3
6317,4
6581,4
1447,5
342,5
7468,6
727,5
4577,2
9168,6
9250,6
3516,1
12105,3
10986,3
7156,4
7851,6
10178,3
9491,6
1348,5
660,5
1492,5
11154,3
12501,3
5154,2
9885,6
13044,3
9277,6
2524,0
10491,3
11537,3
5374,2
3198,0
5717,4
10372,3
12390,3
11198,3
8259,6
12726,3
40,5
12034,3
6816,4
10466,3
11113,3
2723,0
12509,3
11676,3
9335,6
13250,3
7155,4
10461,3
12558,3
7230,4
5075,2
7880,6
5394,2
9641,6
11646,3
7789,6
12717,3
4088,2
1967,5
13054,3
11989,3
13060,3
6999,4
423,5
12619,3
10096,3
12939,3
11678,3
6142,4
5661,4
9031,6
4596,2
2659,0
141,5
2597,0
6701,4
1377,5
3674,1
9658,6
13467,3
6362,4
12749,3
4741,2
1138,5
7374,4
1787,5
10933,3
4646,2
7568,6
459,5
6115,4
8179,6
948,5
9528,6
6370,4
4628,2
7358,4
5925,4
6040,4
441,5
6659,4
9794,6
8831,6
9046,6
3830,1
12791,3
6144,4
12949,3
6344,4
1958,5
9262,6
155,5
10847,3
4578,2
1089,5
6049,4
12469,3
9122,6
7950,6
1674,5
6763,4
11406,3
6416,4
13018,3
2326,0
7096,4
11693,3
10715,3
6450,4
1715,5
9890,6
9172,6
8381,6
9433,6
3831,1
6299,4
3348,0
12957,3
9177,6
10013,6
587,5
9346,6
12961,3
10091,3
2990,0
12639,3
13458,3
12078,3
9587,6
264,5
10743,3
6788,4
11864,3
10131,3
3864,1
10435,3
6274,4
11820,3
13341,3
3711,1
8438,6
9786,6
1529,5
11177,3
923,5
10696,3
7329,4
4364,2
669,5
3604,1
5108,2
10102,3
13254,3
5248,2
7183,4
2591,0
5906,4
9973,6
6509,4
7133,4
2307,0
8804,6
3690,1
687,5
612,5
7167,4
11123,3
3200,0
10459,3
6629,4
4135,2
1898,5
282,5
258,5
12833,3
4943,2
2822,0
3525,1
13150,3
5223,2
2285,0
6063,4
8078,6
4654,2
5000,2
6710,4
12702,3
8676,6
10403,3
5416,2
475,5
2555,0
8087,6
7,5
6411,4
12478,3
12137,3
5546,4
2426,0
6744,4
10006,6
13108,3
2274,0
9203,6
1577,5
7264,4
9259,6
10183,3
3970,2
5879,4
11465,3
13480,3
7193,4
3867,1
12821,3
6823,4
7548,6
781,5
1749,5
6519,4
5774,4
9283,6
9369,6
2324,0
10271,3
5055,2
12273,3
10482,3
1727,5
610,5
4666,2
5413,2
8103,6
8174,6
8535,6
3750,1
97,5
6985,4
3137,0
1537,5
3648,1
1517,5
12734,3
4624,2
6566,4
2090,0
7097,4
6171,4
7521,6
572,5
12952,3
12352,3
3062,0
597,5
6633,4
12837,3
7875,6
7345,4
6304,4
10932,3
12855,3
11126,3
5976,4
8562,6
1938,5
11430,3
8100,6
1753,5
3670,1
10939,3
2361,0
4260,2
5432,2
6285,4
11408,3
12888,3
10673,3
11652,3
11289,3
5591,4
1171,5
7927,6
11626,3
9614,6
12735,3
13550,3
12831,3
874,5
2297,0
12670,3
2643,0
12620,3
5347,2
9032,6
13522,3
581,5
204,5
7896,6
9833,6
2014,5
905,5
631,5
8461,6
11980,3
1974,5
162,5
4998,2
11230,3
9557,6
4713,2
9067,6
1431,5
6868,4
12445,3
7710,6
7736,6
4283,2
7531,6
10981,3
10053,6
3384,1
13022,3
11061,3
11350,3
7462,6
3331,0
12983,3
10595,3
6404,4
8895,6
2096,0
10195,3
11434,3
7999,6
5017,2
8738,6
1449,5
6900,4
2610,0
1900,5
8186,6
3920,2
2757,0
6397,4
10077,3
11803,3
2097,0
8329,6
12867,3
5624,4
9028,6
3471,1
8266,6
2171,0
12570,3
12506,3
8590,6
2010,5
13326,3
1283,5
11609,3
10028,6
13074,3
1019,5
9518,6
8667,6
2810,0
11751,3
1651,5
13092,3
1169,5
9398,6
6256,4
5469,2
11891,3
10258,3
867,5
5093,2
5433,2
541,5
9324,6
13388,3
6354,4
12714,3
3390,1
10945,3
13521,3
3959,2
6643,4
6841,4
13023,3
3586,1
10996,3
2563,0
10848,3
5036,2
1080,5
5891,4
10277,3
10644,3
4966,2
2023,5
12633,3
7909,6
11881,3
7321,4
226,5
1013,5
1929,5
12911,3
5251,2
9596,6
2179,0
697,5
1124,5
7378,4
11168,3
5110,2
7902,6
1778,5
12520,3
2634,0
7544,6
7604,6
3489,1
1037,5
10448,3
12299,3
8505,6
2649,0
10473,3
2979,0
2547,0
5132,2
2159,0
9114,6
6445,4
3967,2
1428,5
11455,3
2520,0
8033,6
11672,3
11754,3
13435,3
448,5
11554,3
9476,6
5995,4
10931,3
3727,1
7353,4
8553,6
6279,4
12169,3
7295,4
9496,6
6251,4
5926,4
2460,0
22,5
2066,0
1653,5
8894,6
8706,6
1376,5
1724,5
10660,3
3754,1
10517,3
8652,6
4183,2
4082,2
9678,6
8474,6
6579,4
4558,2
3537,1
7003,4
10773,3
9560,6
12895,3
11201,3
8789,6
9951,6
646,5
6381,4
7527,6
13201,3
7165,4
10862,3
7697,6
12807,3
4875,2
10736,3
11698,3
5341,2
11620,3
7031,4
2160,0
685,5
2461,0
7128,4
6267,4
4941,2
5946,4
4583,2
5784,4
10422,3
7569,6
11601,3
10512,3
521,5
8714,6
12160,3
3983,2
13017,3
11934,3
780,5
10613,3
11705,3
5607,4
5978,4
8843,6
3747,1
2196,0
8561,6
13453,3
4285,2
8569,6
10408,3
9832,6
9805,6
6979,4
1827,5
9154,6
13171,3
2376,0
8551,6
3839,1
1246,5
7504,6
6511,4
12463,3
5439,2
10759,3
10229,3
12586,3
8964,6
10681,3
13230,3
13471,3
5510,4
5330,2
4531,2
9866,6
365,5
12418,3
13586,3
147,5
1668,5
12413,3
7650,6
8599,6
7788,6
3456,1
3271,0
4940,2
9223,6
12965,3
6230,4
12126,3
11038,3
9047,6
3926,2
11635,3
8080,6
78,5
7088,4
2247,0
11231,3
13540,3
11274,3
7451,6
8980,6
2279,0
8123,6
3897,2
10964,3
7177,4
9312,6
12875,3
3631,1
11740,3
6272,4
8616,6
392,5
3191,0
16,5
4200,2
2672,0
12996,3
6164,4
11176,3
3493,1
9651,6
7394,4
4839,2
593,5
13452,3
8737,6
5827,4
10749,3
7961,6
5887,4
2355,0
6036,4
4798,2
10634,3
11775,3
4592,2
8656,6
163,5
12613,3
12845,3
13310,3
7380,4
13552,3
10201,3
6356,4
9092,6
5542,4
6007,4
7993,6
7638,6
6793,4
10900,3
7758,6
4837,2
2293,0
6548,4
7898,6
4481,2
3716,1
10837,3
6140,4
9956,6
1549,5
10331,3
2044,0
767,5
5693,4
7870,6
9700,6
7857,6
3302,0
4517,2
12358,3
10997,3
3292,0
9011,6
1403,5
1382,5
10340,3
6928,4
5671,4
1638,5
13333,3
6907,4
8591,6
6406,4
9074,6
1179,5
5448,2
10322,3
5078,2
8648,6
5175,2
10142,3
689,5
12054,3
6525,4
13364,3
6488,4
10145,3
7154,4
11457,3
6610,4
10902,3
11662,3
4349,2
1884,5
11768,3
2494,0
5947,4
3036,0
5777,4
845,5
8734,6
7967,6
11549,3
7340,4
12258,3
11269,3
7137,4
2964,0
2529,0
5772,4
1048,5
7045,4
1960,5
2530,0
8429,6
4917,2
9325,6
5901,4
8286,6
4259,2
11670,3
11755,3
5656,4
6097,4
5907,4
7373,4
2978,0
12065,3
12667,3
6721,4
7842,6
8264,6
11947,3
3138,0
8325,6
13514,3
1826,5
5548,4
8785,6
10917,3
560,5
11997,3
8435,6
5435,2
4437,2
10382,3
8597,6
1442,5
8453,6
4406,2
12977,3
1689,5
13433,3
9917,6
12242,3
5962,4
2496,0
12073,3
340,5
2408,0
9793,6
11365,3
5782,4
4576,2
3725,1
13541,3
2785,0
9715,6
11711,3
12792,3
1012,5
5280,2
4895,2
9958,6
7121,4
6549,4
4037,2
148,5
285,5
13143,3
8555,6
11438,3
9732,6
6770,4
4443,2
7446,6
236,5
13059,3
10754,3
7123,4
13596,3
13013,3
3083,0
10294,3
632,5
6813,4
2493,0
2665,0
12286,3
13597,3
12618,3
10526,3
10060,6
11530,3
4211,2
9686,6
10593,3
3874,2
9424,6
10853,3
2817,0
11238,3
12988,3
13357,3
12226,3
7426,4
11712,3
13516,3
13161,3
9777,6
1735,5
7397,4
11015,3
4255,2
11265,3
2475,0
10756,3
13587,3
3713,1
12223,3
1804,5
707,5
12521,3
5189,2
11847,3
5472,2
72,5
7843,6
5101,2
6764,4
9382,6
10793,3
1125,5
1241,5
11217,3
2349,0
6602,4
6780,4
9769,6
4358,2
1343,5
13592,3
11823,3
13040,3
8632,6
6652,4
1100,5
10829,3
9160,6
8841,6
9738,6
7327,4
7622,6
987,5
10658,3
2852,0
8853,6
630,5
1249,5
3179,0
482,5
9776,6
9654,6
3040,0
5010,2
11894,3
7000,4
3273,0
7227,4
3683,1
6674,4
6807,4
13252,3
1316,5
3225,0
1072,5
4815,2
11508,3
10823,3
9852,6
5752,4
10617,3
12454,3
4616,2
3097,0
12842,3
6869,4
1300,5
7285,4
6284,4
11468,3
12072,3
5495,2
5291,2
9600,6
10037,6
1798,5
9667,6
5203,2
8227,6
5047,2
6441,4
8636,6
8105,6
2359,0
12772,3
3654,1
7052,4
1286,5
12426,3
4445,2
2137,0
6787,4
10828,3
9873,6
13272,3
11584,3
12204,3
6894,4
9884,6
12071,3
10733,3
8564,6
7151,4
963,5
6012,4
4882,2
140,5
13365,3
8906,6
6936,4
6542,4
5243,2
10030,6
4431,2
13267,3
406,5
8212,6
9196,6
11390,3
10603,3
10737,3
11746,3
10582,3
9135,6
8234,6
11022,3
11214,3
4399,2
5252,2
11,5
4760,2
1177,5
10139,3
10693,3
2863,0
6471,4
6228,4
9218,6
2989,0
9153,6
11081,3
7117,4
11207,3
7010,4
11650,3
8927,6
1440,5
13265,3
2875,0
9108,6
12385,3
11973,3
7232,4
3726,1
2772,0
9816,6
454,5
9013,6
8189,6
1367,5
3712,1
13411,3
1388,5
9042,6
1000,5
7761,6
3553,1
4114,2
9829,6
1667,5
3173,0
9539,6
12795,3
488,5
3230,0
3828,1
10824,3
11782,3
5208,2
7848,6
5704,4
13125,3
8133,6
703,5
5105,2
12109,3
3291,0
8125,6
10600,3
9519,6
13114,3
12274,3
4909,2
4440,2
12395,3
986,5
12576,3
12337,3
7705,6
6257,4
6089,4
10666,3
5238,2
1198,5
9710,6
12347,3
7519,6
6812,4
9991,6
9206,6
8320,6
9556,6
10225,3
7175,4
4470,2
891,5
10985,3
1969,5
5757,4
6527,4
6294,4
7595,6
9110,6
3249,0
6570,4
6638,4
7351,4
12488,3
9400,6
7473,6
12541,3
11813,3
1239,5
2289,0
2740,0
8467,6
4585,2
9227,6
1229,5
9200,6
6980,4
5178,2
10724,3
4293,2
1058,5
6262,4
11036,3
281,5
9235,6
9508,6
968,5
10573,3
3953,2
1939,5
12886,3
1274,5
619,5
11576,3
1742,5
1390,5
2203,0
9771,6
9847,6
3568,1
10544,3
10404,3
6116,4
13569,3
6052,4
3178,0
3192,0
9499,6
6099,4
7029,4
575,5
10552,3
6656,4
7115,4
11992,3
6276,4
9472,6
12230,3
11083,3
5897,4
5724,4
10185,3
10831,3
269,5
629,5
3081,0
3466,1
6430,4
12683,3
7062,4
13239,3
5543,4
10238,3
4356,2
12411,3
2113,0
8219,6
10232,3
13275,3
3216,0
3814,1
8321,6
11689,3
2278,0
4599,2
13,5
12563,3
1525,5
2365,0
4648,2
11244,3
10532,3
374,5
11598,3
6477,4
525,5
9131,6
6895,4
10339,3
3591,1
11106,3
7904,6
2958,0
529,5
3714,1
4732,2
9461,6
1394,5
9989,6
11171,3
9633,6
10574,3
13421,3
5631,4
9465,6
6563,4
4703,2
1712,5
13280,3
955,5
6675,4
3453,1
9579,6
12778,3
8595,6
2071,0
13255,3
10169,3
158,5
7005,4
9094,6
352,5
6078,4
6236,4
8946,6
11163,3
13577,3
2920,0
8503,6
4644,2
661,5
7057,4
10181,3
3665,1
7979,6
306,5
10527,3
4790,2
2356,0
1927,5
12711,3
3427,1
8941,6
3638,1
11586,3
1266,5
1560,5
12764,3
10326,3
7179,4
4109,2
7867,6
4904,2
7294,4
514,5
894,5
8601,6
21,5
899,5
207,5
458,5
10246,3
2430,0
8442,6
9299,6
3389,1
9905,6
3911,2
5383,2
8907,6
552,5
9631,6
10462,3
3144,0
6917,4
2056,0
1925,5
634,5
6082,4
8508,6
12626,3
13179,3
8619,6
11696,3
105,5
3041,0
10361,3
1709,5
89,5
7014,4
10433,3
3174,0
917,5
7833,6
6732,4
1949,5
11040,3
6368,4
1,5
8032,6
6047,4
9127,6
12547,3
2720,0
8783,6
13353,3
3117,0
11128,3
12891,3
10640,3
9768,6
3762,1
213,5
778,5
3496,1
12010,3
2043,0
8920,6
5420,2
6154,4
9759,6
8357,6
11865,3
10205,3
8465,6
4167,2
10960,3
3788,1
8586,6
583,5
13489,3
13589,3
116,5
6644,4
12290,3
13543,3
13297,3
12192,3
8712,6
1763,5
1875,5
11536,3
10445,3
3224,0
526,5
7725,6
2946,0
4473,2
5655,4
8884,6
6059,4
959,5
6342,4
3633,1
1050,5
8782,6
8711,6
3380,1
3676,1
5776,4
13144,3
6573,4
5179,2
1607,5
3610,1
13283,3
6635,4
13608,3
10001,6
791,5
8984,6
3056,0
10047,6
1980,5
11425,3
3598,1
933,5
7424,4
5626,4
1682,5
4179,2
6446,4
4116,2
988,5
11645,3
2896,0
3778,1
5658,4
3093,0
3155,0
11393,3
1823,5
13105,3
1098,5
10396,3
2844,0
9078,6
3342,0
38,5
6540,4
12732,3
8707,6
3356,1
9645,6
10698,3
11186,3
7813,6
13241,3
9098,6
8220,6
12565,3
10699,3
2428,0
5043,2
5346,2
8954,6
4811,2
8476,6
686,5
4799,2
7437,6
2353,0
6353,4
12159,3
4569,2
8213,6
2752,0
9077,6
8073,6
9109,6
1040,5
7491,6
1265,5
12617,3
7059,4
277,5
5084,2
10276,3
9437,6
2382,0
571,5
1435,5
9439,6
5352,2
11718,3
10706,3
5445,2
1007,5
4543,2
12009,3
2064,0
1136,5
9882,6
12597,3
5343,2
10177,3
294,5
9739,6
10204,3
8780,6
11521,3
2403,0
10321,3
3998,2
12701,3
3741,1
11700,3
12560,3
2719,0
12534,3
5150,2
2808,0
9017,6
556,5
12150,3
4795,2
2469,0
3738,1
4286,2
9908,6
2604,0
362,5
6924,4
1704,5
2139,0
3239,0
2383,0
7314,4
4311,2
9477,6
1312,5
12832,3
3930,2
6183,4
11801,3
1591,5
12781,3
2162,0
2396,0
317,5
9516,6
11303,3
5233,2
5068,2
4036,2
8987,6
3020,0
9903,6
11579,3
8228,6
9105,6
5295,2
3972,2
5370,2
4133,2
974,5
7291,4
9175,6
954,5
9610,6
9752,6
9547,6
12674,3
5016,2
13244,3
9179,6
10874,3
7490,6
1640,5
1290,5
1380,5
1933,5
4675,2
12442,3
11352,3
10222,3
892,5
7287,4
4876,2
7906,6
8194,6
12771,3
10301,3
9041,6
10929,3
2466,0
7657,6
10106,3
9788,6
1913,5
11362,3
2736,0
726,5
7214,4
8245,6
1796,5
3845,1
6402,4
10745,3
10992,3
936,5
2265,0
824,5
7274,4
11593,3
1389,5
3564,1
9076,6
5429,2
7827,6
5690,4
7878,6
1868,5
8202,6
11607,3
7486,6
9655,6
806,5
4805,2
12020,3
10300,3
12462,3
13551,3
10426,3
9155,6
7511,6
8056,6
4494,2
2632,0
12117,3
8896,6
8623,6
7832,6
4388,2
145,5
6467,4
2033,0
12427,3
1165,5
11692,3
2050,0
3760,1
10816,3
4435,2
3430,1
8190,6
11932,3
7069,4
4361,2
10616,3
9454,6
1771,5
3511,1
271,5
8436,6
2032,0
9005,6
13159,3
3810,1
12431,3
9996,6
4346,2
10653,3
545,5
3241,0
8930,6
8502,6
11713,3
9323,6
13497,3
10961,3
7564,6
920,5
12415,3
11779,3
6640,4
7694,6
8230,6
7126,4
4278,2
2983,0
130,5
7980,6
2667,0
7138,4
3223,0
9374,6
7693,6
5392,2
614,5
13477,3
1466,5
4497,2
3042,0
9126,6
2419,0
5085,2
3294,0
6737,4
1500,5
9018,6
1521,5
12414,3
11122,3
4232,2
7686,6
8820,6
4430,2
390,5
13423,3
7124,4
5913,4
8592,6
4806,2
12186,3
11551,3
8238,6
8044,6
13315,3
3993,2
11834,3
11918,3
13003,3
6609,4
5319,2
13395,3
7119,4
2421,0
5604,4
1750,5
13368,3
12268,3
13228,3
338,5
8407,6
11855,3
1341,5
12995,3
7982,6
3640,1
329,5
12024,3
3004,0
6960,4
4090,2
11307,3
9828,6
2322,0
6667,4
7009,4
4197,2
3549,1
9650,6
8363,6
4203,2
12681,3
11761,3
12163,3
6185,4
1639,5
9130,6
60,5
1240,5
5760,4
5136,2
2343,0
2120,0
1524,5
7617,6
153,5
481,5
6122,4
7674,6
7101,4
1762,5
8942,6
7715,6
9977,6
12363,3
7479,6
6212,4
4853,2
2711,0
6766,4
4150,2
1333,5
12810,3
11046,3
8378,6
9328,6
13019,3
13213,3
10250,3
12420,3
3850,1
8340,6
4124,2
12524,3
11555,3
4788,2
2866,0
11968,3
1386,5
5941,4
3067,0
12332,3
3629,1
12878,3
12180,3
3028,0
2969,0
11664,3
9900,6
11145,3
8646,6
6136,4
8801,6
4263,2
645,5
13147,3
2074,0
341,5
8041,6
1622,5
7141,4
5796,4
7184,4
12704,3
8232,6
5475,2
10281,3
10367,3
12601,3
74,5
13465,3
13513,3
10849,3
11372,3
10268,3
8633,6
12567,3
2051,0
2541,0
1301,5
5877,4
7368,4
11622,3
1304,5
8428,6
12379,3
2599,0
2573,0
11472,3
3186,0
2768,0
4831,2
4223,2
13140,3
2106,0
2679,0
10953,3
1387,5
13173,3
12923,3
12156,3
13154,3
7083,4
1279,5
804,5
1555,5
12917,3
11382,3
4566,2
13167,3
4841,2
3594,1
6035,4
6852,4
10112,3
8705,6
4177,2
1308,5
9106,6
3452,1
3695,1
4242,2
11348,3
2198,0
8966,6
4425,2
6150,4
943,5
822,5
5005,2
6612,4
8356,6
5619,4
4547,2
2538,0
13278,3
9503,6
5207,2
12953,3
12260,3
3054,0
3675,1
7776,6
7218,4
6722,4
3300,0
3310,0
7221,4
8519,6
10682,3
5954,4
10998,3
832,5
11271,3
3462,1
12705,3
7643,6
54,5
3451,1
6305,4
10093,3
1481,5
4873,2
8038,6
3335,0
6016,4
4926,2
9138,6
5797,4
11485,3
10353,3
13380,3
5083,2
6645,4
11249,3
5490,2
768,5
2065,0
12934,3
11687,3
7311,4
8477,6
13525,3
4524,2
11568,3
10524,3
2717,0
2079,0
11581,3
8914,6
951,5
8058,6
2482,0
10454,3
9181,6
11404,3
1759,5
9984,6
4422,2
6704,4
9916,6
5182,2
8533,6
3701,1
4243,2
688,5
3432,1
4944,2
966,5
13214,3
12914,3
10395,3
2713,0
4757,2
12997,3
6320,4
5975,4
3572,1
5299,2
1990,5
1205,5
4971,2
13238,3
6783,4
3600,1
6490,4
8609,6
13578,3
12308,3
8070,6
8577,6
7973,6
12760,3
1625,5
536,5
8766,6
7970,6
4212,2
6456,4
3507,1
8393,6
9524,6
7112,4
11694,3
2708,0
5031,2
6514,4
4662,2
4021,2
1854,5
12834,3
2872,0
3030,0
9397,6
1645,5
3417,1
3476,1
13004,3
11053,3
1792,5
3797,1
3368,1
11559,3
11725,3
7196,4
13128,3
5109,2
6024,4
11641,3
8795,6
11248,3
12656,3
126,5
5959,4
3876,2
11127,3
4451,2
7147,4
3531,1
10922,3
827,5
9831,6
7790,6
984,5
11473,3
11197,3
7783,6
10380,3
13046,3
2443,0
8554,6
10541,3
345,5
814,5
6166,4
11397,3
12356,3
13309,3
11517,3
12298,3
5779,4
2116,0
10026,6
793,5
13536,3
6898,4
2674,0
94,5
4225,2
3756,1
2891,0
2371,0
11420,3
12782,3
3228,0
7863,6
6359,4
12528,3
7326,4
6028,4
11045,3
11104,3
1865,5
4612,2
10049,6
2645,0
2243,0
5373,2
2336,0
950,5
11260,3
1120,5
10789,3
2204,0
419,5
922,5
9446,6
8669,6
10227,3
5408,2
5788,4
5742,4
7667,6
5567,4
8135,6
1202,5
10818,3
5765,4
8389,6
1970,5
11302,3
4018,2
10343,3
3687,1
1997,5
4033,2
11246,3
1248,5
2192,0
2712,0
9184,6
2190,0
4670,2
5142,2
5984,4
6565,4
7804,6
11954,3
6943,4
11789,3
9510,6
10055,6
10535,3
10641,3
2136,0
1065,5
600,5
4227,2
10813,3
7577,6
77,5
7546,6
2898,0
4820,2
9506,6
12669,3
6413,4
9444,6
9064,6
12042,3
8007,6
5468,2
5951,4
13296,3
11157,3
3391,1
5415,2
2560,0
13461,3
8162,6
2635,0
5256,2
3530,1
8567,6
1908,5
12612,3
235,5
12219,3
1604,5
7984,6
9310,6
11869,3
3490,1
13408,3
11150,3
1994,5
2824,0
12646,3
10568,3
1342,5
8512,6
1619,5
11905,3
5287,2
2060,0
13547,3
2219,0
9865,6
6038,4
260,5
12753,3
10231,3
9093,6
3744,1
2026,5
6988,4
4234,2
1917,5
1828,5
9765,6
6233,4
12713,3
6283,4
4208,2
224,5
8915,6
10002,6
9333,6
6469,4
12819,3
10954,3
846,5
4289,2
5560,4
2551,0
11120,3
117,5
8837,6
5966,4
8195,6
12362,3
8659,6
7489,6
5,5
5342,2
9111,6
10787,3
4324,2
1063,5
2590,0
8434,6
9352,6
11062,3
3735,1
10589,3
3517,1
6986,4
11613,3
10755,3
6767,4
5622,4
1605,5
1733,5
10516,3
10901,3
12723,3
9504,6
11640,3
3812,1
13107,3
10554,3
10167,3
11706,3
1761,5
5401,2
2739,0
13115,3
2472,0
6738,4
6891,4
12199,3
7943,6
9685,6
4206,2
6371,4
10350,3
9361,6
10348,3
232,5
8258,6
7561,6
9795,6
6168,4
11475,3
3596,1
6288,4
4632,2
125,5
7641,6
6229,4
1296,5
1976,5
12908,3
12850,3
10267,3
5750,4
8152,6
3086,0
12632,3
6882,4
12673,3
7673,6
3345,0
8172,6
12828,3
5870,4
6506,4
2797,0
918,5
1646,5
5122,2
5126,2
4621,2
6809,4
364,5
11479,3
2125,0
8150,6
12315,3
8717,6
55,5
638,5
302,5
10958,3
5811,4
1276,5
10247,3
4432,2
3644,1
4143,2
2878,0
12394,3
6493,4
10478,3
10453,3
5240,2
12808,3
10488,3
6937,4
7240,4
9945,6
10160,3
2593,0
11309,3
2393,0
523,5
6376,4
6981,4
6677,4
3900,2
13118,3
5585,4
12748,3
7956,6
7570,6
11314,3
6777,4
12348,3
10161,3
671,5
4188,2
666,5
3266,0
1887,5
11458,3
8472,6
9911,6
11139,3
9091,6
7687,6
6031,4
13385,3
6090,4
6238,4
7350,4
7830,6
760,5
6254,4
1906,5
12234,3
12015,3
12330,3
3818,1
6269,4
4300,2
5569,4
7941,6
10785,3
4164,2
11223,3
5971,4
3579,1
2832,0
5449,2
3472,1
6327,4
137,5
7043,4
4892,2
2180,0
10320,3
7730,6
3177,0
4854,2
4637,2
5115,2
12668,3
7648,6
4261,2
12536,3
1331,5
10209,3
10674,3
7002,4
9550,6
6941,4
8017,6
6241,4
9521,6
13590,3
6881,4
10342,3
4530,2
10314,3
4673,2
12173,3
6996,4
1252,5
11470,3
3374,1
2814,0
4719,2
6544,4
10040,6
4858,2
7901,6
11229,3
8580,6
8427,6
1077,5
10176,3
4363,2
12154,3
770,5
10357,3
8865,6
249,5
9766,6
7239,4
3419,1
10273,3
10015,6
4976,2
4544,2
5565,4
7939,6
716,5
13145,3
12338,3
2048,0
5997,4
6600,4
7245,4
4178,2
4809,2
10916,3
12912,3
7140,4
7190,4
1460,5
5989,4
9860,6
10948,3
2000,5
8175,6
404,5
384,5
12865,3
12918,3
10344,3
1633,5
13008,3
4784,2
12879,3
6970,4
3925,2
4158,2
7449,6
8415,6
2193,0
11328,3
12661,3
10016,6
1015,5
5124,2
7418,4
7409,4
8989,6
2871,0
9,5
10136,3
1838,5
4804,2
255,5
7026,4
5713,4
12677,3
3324,0
7714,6
1581,5
11148,3
924,5
2779,0
10700,3
7891,6
6132,4
5320,2
7312,4
7102,4
6042,4
3775,1
4835,2
12328,3
4964,2
10971,3
539,5
7483,6
2745,0
3719,1
12986,3
6819,4
9337,6
4468,2
667,5
7575,6
11211,3
8549,6
5063,2
11023,3
10975,3
1353,5
7114,4
13305,3
8662,6
2703,0
3330,0
8053,6
11829,3
9588,6
3584,1
12857,3
5645,4
3376,1
1256,5
6190,4
11704,3
9442,6
5348,2
11003,3
12490,3
11476,3
11125,3
4175,2
4910,2
1852,5
6316,4
13414,3
2105,0
133,5
5029,2
928,5
823,5
7576,6
11632,3
1531,5
1214,5
504,5
12477,3
10188,3
6530,4
3072,0
10150,3
9576,6
9086,6
8647,6
6619,4
9273,6
3709,1
13053,3
4849,2
4748,2
4268,2
11714,3
12326,3
11794,3
13446,3
8905,6
4186,2
10406,3
5301,2
2923,0
6588,4
1810,5
3486,1
7419,4
3141,0
10019,6
9347,6
1324,5
4312,2
7494,6
8702,6
9872,6
8691,6
12937,3
10048,6
9580,6
11911,3
10578,3
5541,4
11428,3
6172,4
1540,5
9409,6
2681,0
13450,3
11185,3
6313,4
1191,5
5293,2
1542,5
11493,3
11516,3
7056,4
2539,0
953,5
7241,4
6731,4
4846,2
6801,4
8010,6
4330,2
8924,6
5334,2
7330,4
9348,6
4729,2
11486,3
6541,4
11174,3
5305,2
5161,2
7860,6
2156,0
1062,5
10808,3
1167,5
11414,3
3636,1
7651,6
5588,4
11130,3
7192,4
4491,2
7266,4
11332,3
4980,2
8335,6
13544,3
11769,3
4946,2
2782,0
717,5
10011,6
2502,0
4360,2
4171,2
8082,6
13286,3
395,5
7186,4
13367,3
4492,2
1365,5
12968,3
8787,6
12144,3
5917,4
4968,2
2914,0
10518,3
5644,4
3766,1
3440,1
12043,3
12324,3
7357,4
6806,4
9879,6
2143,0
5104,2
5073,2
1571,5
4079,2
1122,5
2786,0
2967,0
2504,0
5988,4
11657,3
8867,6
11000,3
7164,4
11540,3
728,5
7587,6
7543,6
412,5
11338,3
9708,6
5745,4
7668,6
825,5
3267,0
3974,2
8808,6
8306,6
417,5
11261,3
9817,6
6748,4
8967,6
12377,3
11088,3
13131,3
2082,0
8945,6
10738,3
12161,3
3373,1
5726,4
4107,2
10636,3
4380,2
7723,6
1066,5
3913,2
5536,4
8002,6
5387,2
5732,4
11690,3
2738,0
5052,2
4000,2
9760,6
2427,0
11938,3
6833,4
10123,3
1687,5
851,5
11738,3
6303,4
9087,6
12784,3
5878,4
8527,6
2839,0
11279,3
4611,2
9540,6
9207,6
11008,3
9823,6
2489,0
11922,3
6905,4
7390,4
11443,3
2849,0
6665,4
5881,4
10262,3
4452,2
9949,6
7421,4
9827,6
12838,3
6484,4
2479,0
6617,4
10457,3
11151,3
13221,3
11251,3
2141,0
11310,3
5188,2
13210,3
12237,3
11548,3
2744,0
7253,4
3506,1
1679,5
4249,2
3147,0
8130,6
10486,3
7004,4
580,5
9662,6
12991,3
4070,2
3343,0
7404,4
12775,3
3672,1
559,5
5237,2
7805,6
11041,3
512,5
12921,3
1081,5
1664,5
9204,6
1931,5
13162,3
1150,5
2838,0
5949,4
8308,6
8932,6
13322,3
5177,2
11867,3
830,5
8311,6
4752,2
13284,3
13232,3
635,5
4465,2
12556,3
6799,4
7987,6
7079,4
6966,4
4142,2
7027,4
9183,6
876,5
4869,2
5315,2
5222,2
4,5
3051,0
5691,4
3124,0
10852,3
2491,0
3854,1
4777,2
9907,6
7509,6
6457,4
6293,4
1148,5
11453,3
574,5
3769,1
11928,3
4146,2
853,5
10174,3
10966,3
5919,4
13121,3
9358,6
6614,4
6002,4
9163,6
10893,3
4495,2
8173,6
6655,4
12039,3
2368,0
12307,3
4780,2
12323,3
7992,6
2950,0
5625,4
6971,4
8716,6
10647,3
1841,5
5986,4
537,5
2806,0
5801,4
5596,4
7206,4
7343,4
12533,3
7560,6
8096,6
11367,3
784,5
12249,3
1409,5
10729,3
154,5
7806,6
3009,0
1686,5
11093,3
4014,2
7455,6
12913,3
3863,1
2733,0
1895,5
5442,2
569,5
6709,4
5854,4
1816,5
10257,3
8319,6
3394,1
3327,0
13585,3
6102,4
2975,0
980,5
10492,3
190,5
9331,6
5088,2
699,5
13285,3
606,5
12468,3
301,5
3420,1
13342,3
1060,5
10757,3
3444,1
1069,5
10716,3
2205,0
9435,6
7339,4
8208,6
7679,6
11312,3
4642,2
7683,6
12946,3
9007,6
7996,6
11259,3
12740,3
5600,4
9151,6
7022,4
4893,2
225,5
3354,1
5895,4
10677,3
8754,6
3436,1
1693,5
6893,4
1045,5
3446,1
12757,3
8050,6
9146,6
13584,3
10927,3
11296,3
4735,2
4496,2
1218,5
6015,4
9719,6
3987,2
4911,2
9492,6
4493,2
6944,4
5699,4
8352,6
12259,3
956,5
11983,3
11426,3
2869,0
11969,3
4433,2
4973,2
2961,0
2200,0
98,5
13407,3
2557,0
11375,3
8445,6
12115,3
4199,2
9637,6
5539,4
1648,5
12874,3
12915,3
12183,3
9888,6
11383,3
6197,4
6295,4
4499,2
1154,5
2255,0
9874,6
3170,0
7400,4
10248,3
7158,4
12282,3
3108,0
4548,2
11915,3
5423,2
2049,0
13168,3
11835,3
9208,6
8815,6
13334,3
262,5
11561,3
4061,2
5534,4
6616,4
8120,6
8155,6
1802,5
4736,2
13595,3
2385,0
6694,4
5759,4
1959,5
2976,0
8680,6
1843,5
1734,5
2911,0
11411,3
8338,6
1986,5
9561,6
6546,4
7098,4
2811,0
659,5
9986,6
2511,0
11589,3
4282,2
9339,6
11464,3
8800,6
6287,4
11774,3
1930,5
7125,4
197,5
7777,6
2931,0
8004,6
2327,0
4389,2
8958,6
12688,3
4218,2
11447,3
202,5
3510,1
4931,2
5535,4
9925,6
5791,4
10969,3
1707,5
5172,2
5249,2
11666,3
6528,4
13404,3
5855,4
8164,6
854,5
4737,2
12289,3
10352,3
698,5
11344,3
11191,3
3696,1
1636,5
7280,4
7554,6
11649,3
3581,1
1291,5
12851,3
6585,4
1853,5
5232,2
3763,1
3304,0
1495,5
11935,3
11637,3
7994,6
1998,5
663,5
12971,3
3748,1
4413,2
12936,3
5530,4
5575,4
8901,6
7526,6
9474,6
5864,4
13260,3
10867,3
6776,4
12221,3
1306,5
7392,4
10429,3
11494,3
5592,4
10230,3
9721,6
1663,5
5450,2
13519,3
13546,3
3627,1
13339,3
13083,3
2693,0
11252,3
9789,6
10921,3
10817,3
5915,4
3157,0
11506,3
9914,6
6668,4
1059,5
4636,2
3242,0
1678,5
6892,4
6374,4
7574,6
1757,5
6019,4
12383,3
5116,2
8755,6
7408,4
2790,0
863,5
7858,6
1484,5
7035,4
7721,6
5977,4
5134,2
206,5
4488,2
6938,4
9062,6
12685,3
6910,4
502,5
7385,4
1028,5
3840,1
10882,3
8110,6
5056,2
9762,6
8154,6
10965,3
2731,0
8996,6
11837,3
2454,0
12790,3
7215,4
3104,0
13067,3
8392,6
6278,4
3099,0
6184,4
10470,3
3561,1
5892,4
12666,3
12706,3
391,5
6736,4
5618,4
5258,2
9687,6
2695,0
2027,0
13440,3
5463,2
2568,0
8006,6
64,5
12076,3
2062,0
5276,2
7208,4
8684,6
8571,6
6331,4
4859,2
12185,3
4887,2
9268,6
878,5
8529,6
7916,6
6863,4
7892,6
6439,4
7869,6
1016,5
9467,6
11990,3
7629,6
12743,3
11534,3
13103,3
995,5
10173,3
4297,2
161,5
5675,4
6873,4
12990,3
9692,6
7989,6
3843,1
13417,3
10805,3
11653,3
1021,5
3073,0
7555,6
3943,2
1585,5
10147,3
3152,0
8226,6
12206,3
775,5
10748,3
9670,6
7099,4
5486,2
6235,4
9555,6
7041,4
2612,0
7513,6
11016,3
10233,3
8433,6
10253,3
10555,3
8792,6
10627,3
5393,2
11080,3
8838,6
3890,2
3556,1
11394,3
1528,5
1267,5
7734,6
1899,5
4658,2
3005,0
2734,0
189,5
9998,6
9167,6
2747,0
2047,0
7849,6
2558,0
9274,6
8666,6
11096,3
13035,3
6396,4
12309,3
3385,1
4555,2
1184,5
6420,4
5051,2
5311,2
2433,0
6949,4
10583,3
769,5
1685,5
8322,6
11111,3
11363,3
11636,3
5578,4
4426,2
13526,3
466,5
6265,4
5734,4
11284,3
11964,3
5191,2
13418,3
5390,2
860,5
7270,4
